1.5426,0.017465
1.415,0.00055396
1.3473,-0.10604
1.3287,-0.079548
1.378,0.0015743
1.3996,0.14996
1.515,0.18768
1.4288,0.10653
1.237,-0.037821
1.2145,-0.045106
1.1794,-0.093647
1.1589,0.0121
1.1523,-0.048648
1.0829,0.022592
1.0772,-0.0030646
1.1252,-0.0042963
1.1666,-0.040341
1.2079,0.00076633
1.4263,-0.047518
1.5165,-0.12051
1.3445,-0.19164
1.3916,-0.2098
1.4506,-0.15807
1.5637,-0.06993
1.4337,-0.19984
1.5742,-0.20661
1.5546,-0.17609
1.5138,-0.14796
1.5063,-0.11648
1.4266,-0.17087
1.4152,-0.1539
1.4111,-0.15561
1.3732,-0.17067
1.367,-0.12883
1.4032,-0.1656
1.3659,-0.21196
1.3789,-0.22846
1.4402,-0.1429
1.3732,-0.15609
1.3688,-0.13188
1.3625,-0.11758
1.3326,-0.080869
1.245,-0.072036
0.88867,0.13047
0.65015,0.27422
1.0385,-0.050715
1.1898,-0.12001
0.98039,-0.07448
0.98394,-0.072007
0.98129,-0.098083
0.73172,0.18617
0.51688,0.29492
0.49948,0.2219
0.49983,0.19127
1.6274,0.082556
1.4842,0.016254
1.3722,-0.0019798
1.3874,-0.026542
1.4364,0.028095
1.5303,0.12828
1.5362,0.14888
1.4741,0.11622
1.3775,0.074745
1.2365,-0.032942
1.2105,-0.10056
1.1818,-0.15358
1.1637,-0.1527
1.1323,-0.12193
0.96818,-0.042871
0.9735,-0.0036791
0.9789,-0.024493
0.94634,0.06236
0.94126,0.26716
1.0712,0.14356
1.2232,-0.031555
1.476,-0.15888
1.4522,-0.12436
1.3888,-0.16527
1.4375,-0.16604
1.5285,-0.19087
1.5325,-0.14397
1.5801,-0.17009
1.612,-0.14031
1.4901,-0.1467
1.4708,-0.26201
1.4732,-0.28493
1.4816,-0.21671
1.4718,-0.17978
1.4913,-0.14443
1.4928,-0.17223
1.3984,-0.19362
1.4488,-0.16453
1.4681,-0.16552
1.4762,-0.12884
1.3733,-0.066135
1.336,-0.14658
1.3104,-0.2148
1.4567,-0.19691
1.3951,-0.18487
1.3816,-0.13351
1.3489,-0.13882
1.3641,-0.18693
1.272,-0.079653
1.1044,0.024409
1.3054,-0.1172
1.1139,-0.11043
1.0569,-0.069828
0.94169,-0.15903
0.86997,-0.049153
0.74733,0.061924
0.63846,0.21507
0.55341,0.20043
0.46754,0.17726
0.42361,0.17967
0.41448,0.22769
1.5685,-0.21778
1.6298,-0.059638
1.6797,0.043812
1.6211,0.083903
1.3978,0.0095248
1.4062,-0.045826
1.4008,0.050929
1.4434,0.093056
1.3343,0.028091
1.2789,-0.082637
1.2269,-0.14941
1.2117,-0.12517
1.176,-0.10314
1.1497,-0.16295
1.1485,-0.20949
1.0893,-0.11511
1.049,-0.043393
0.54285,0.55357
0.32775,0.76916
0.15547,0.91228
0.5595,0.30191
1.1667,-0.070909
1.3736,-0.21737
1.4165,-0.18354
1.4069,-0.16274
1.405,-0.14438
1.3869,-0.22176
1.4204,-0.18018
1.4659,-0.17945
1.4852,-0.28041
1.5202,-0.26826
1.5337,-0.20913
1.5118,-0.16273
1.4723,-0.14113
1.4653,-0.18764
1.4357,-0.24071
1.4347,-0.19524
1.4324,-0.19526
1.4583,-0.1799
1.4678,-0.2173
1.4027,-0.2422
1.3897,-0.2246
1.4533,-0.21851
1.5217,-0.12799
1.514,-0.11818
1.5132,-0.11175
1.458,-0.015184
1.4088,-0.079908
1.3745,-0.12603
1.3308,-0.12102
1.3603,-0.15698
1.3574,-0.13155
1.3521,-0.14874
1.3175,-0.20054
1.2758,-0.12024
1.3345,-0.10865
1.304,-0.046003
1.2768,-0.049457
1.3004,-0.15585
1.3524,-0.11286
1.3426,-0.054699
1.2976,-0.069232
1.175,-0.085757
1.0357,-0.1073
0.90939,-0.080099
0.80286,0.0014248
0.74468,0.067715
0.66741,0.078067
0.57966,0.076123
0.53396,0.14691
0.42288,0.23795
1.4901,-0.13753
1.5864,0.045005
1.7076,0.0031223
1.5282,0.2143
1.4491,0.10545
1.3994,0.1356
1.3745,0.075746
1.2474,-0.14005
1.212,-0.20471
1.2065,-0.17049
1.18,-0.14769
1.1538,-0.2359
1.1814,-0.1766
1.0828,-0.21959
1.0656,-0.16798
1.1605,-0.11152
1.1372,0.10467
0.92329,0.39997
0.20528,1.0904
0.021473,1.2317
-0.044626,1.3392
0.043894,1.3903
0.10345,1.2063
0.77573,0.13473
1.3452,-0.13335
1.3241,-0.092496
1.3245,-0.14544
1.3504,-0.19139
1.5388,-0.2312
1.4877,-0.19183
1.4744,-0.18321
1.4366,-0.20819
1.4323,-0.24077
1.4512,-0.24169
1.4813,-0.21253
1.4315,-0.1767
1.3798,-0.15505
1.4543,-0.20634
1.5064,-0.16614
1.4595,-0.14071
1.408,-0.057898
1.3783,-0.079797
1.3189,-0.11165
1.3396,-0.12079
1.3399,-0.099138
1.3553,-0.14975
1.3337,-0.093693
1.2985,-0.0924
1.2707,-0.075897
1.326,-0.12887
1.4266,-0.057827
1.2948,-0.044496
1.1088,-0.055167
1.0258,-0.080585
0.98947,-0.11571
1.0055,-0.073404
0.84794,-0.026406
0.79036,-0.060317
0.74954,-0.00034461
0.73186,0.050074
0.57807,0.16057
1.6722,0.061251
1.6506,0.019907
1.7375,0.15445
1.7833,0.15664
1.7745,0.2313
1.6741,0.32424
1.4016,0.0769
1.3463,-0.06303
1.2509,-0.13631
1.2002,-0.16871
1.1671,-0.20816
1.163,-0.24117
1.1576,-0.2003
1.1636,-0.25202
1.1744,-0.20635
1.1222,-0.19625
1.1008,-0.076748
1.1276,0.017704
1.0455,0.21646
0.81474,0.48784
0.57658,0.73994
0.13154,1.1794
0.045518,1.4913
-0.0076511,1.5158
-0.044997,1.4808
0.035754,1.511
0.39895,0.61032
1.0146,0.051653
1.3784,-0.1101
1.2937,-0.096464
1.3839,-0.18645
1.4858,-0.12934
1.5615,-0.20783
1.5745,-0.28594
1.5475,-0.22152
1.4429,-0.20593
1.4221,-0.14576
1.5017,-0.20583
1.4892,-0.22363
1.4258,-0.13145
1.4238,-0.18438
1.5077,-0.18519
1.5437,-0.17264
1.504,-0.18472
1.4537,-0.0715
1.4628,-0.057687
1.4359,-0.095414
1.4262,-0.08878
1.3575,-0.13653
1.3985,-0.15816
1.3702,-0.12349
1.3774,-0.1383
1.3812,-0.053797
1.4517,-0.092061
1.4027,-0.10817
1.4067,-0.10253
1.4069,-0.14681
1.4463,-0.11447
1.419,-0.056673
1.4039,0.0012344
1.4032,-0.058169
1.3077,-0.010481
1.0981,-0.1182
1.0026,0.025657
0.93442,-0.096748
0.86894,-0.03539
0.73227,0.020641
1.7309,0.22058
1.7237,0.22259
1.8073,0.21837
1.7894,0.29264
1.6942,0.25942
1.371,-0.037147
1.34,-0.060276
1.3501,-0.010895
1.3357,-0.12279
1.2581,-0.12482
1.2435,-0.1945
1.1824,-0.18211
1.1866,-0.13304
1.1095,-0.030471
0.95537,0.044025
0.32156,0.85627
0.08217,1.2031
-0.039855,1.5432
-0.0038473,1.5236
-0.014449,1.5325
-0.0068924,1.5502
-0.045151,1.5516
-0.064034,1.5843
-0.014559,1.4416
0.68936,0.32073
1.2879,-0.044545
1.4567,-0.11022
1.4423,-0.085256
1.4839,-0.15981
1.4926,-0.2136
1.5086,-0.20366
1.4673,-0.17289
1.4428,-0.18419
1.477,-0.17255
1.5155,-0.21096
1.4782,-0.21198
1.4625,-0.182
1.471,-0.1184
1.4623,-0.086518
1.4849,-0.11082
1.4816,-0.13642
1.5223,-0.11426
1.5644,-0.10917
1.4899,-0.063146
1.4911,-0.099766
1.4471,-0.10072
1.451,-0.15238
1.4263,-0.16742
1.4525,-0.20269
1.4572,-0.067211
1.4855,-0.016839
1.4893,-0.051052
1.4562,-0.12749
1.4491,-0.12998
1.4527,-0.12109
1.4285,-0.099426
1.3982,-0.20593
1.3764,-0.13103
1.3605,-0.082368
1.3865,-0.062508
1.3348,-0.023096
1.2903,-0.01196
1.1419,-0.093442
1.1121,-0.042437
1.0621,-0.044097
1.0488,-0.084917
1.0073,-0.13918
0.94955,-0.050244
1.7944,0.32988
1.7523,0.28161
1.7444,0.12158
1.7185,0.13882
1.3852,0.020965
1.3336,-0.056745
1.3026,-0.21144
1.2518,-0.25329
1.2476,-0.21156
1.1877,-0.01163
1.1045,0.10492
0.88456,0.21633
0.40558,0.67058
0.29979,0.80114
0.28576,1.0035
0.051082,1.3995
-0.099574,1.6153
-0.082684,1.6773
-0.11616,1.6549
-0.091071,1.5426
-0.074628,1.5124
-0.010111,1.4364
0.017804,1.4922
0.0047688,1.5152
0.094675,1.1675
0.36547,0.63453
0.92012,0.067956
1.3333,-0.16358
1.4532,-0.11138
1.4768,-0.18734
1.4209,-0.14059
1.4181,-0.1749
1.5156,-0.19844
1.469,-0.16514
1.4909,-0.18034
1.4559,-0.19754
1.4769,-0.16678
1.5101,-0.17774
1.5067,-0.13478
1.4898,-0.12495
1.4679,-0.073042
1.4909,-0.12139
1.4892,-0.10507
1.5133,-0.079032
1.5354,-0.078043
1.3917,-0.11318
1.3838,-0.15626
1.4124,-0.20036
1.4561,-0.17367
1.4864,-0.11915
1.4825,0.019241
1.4849,0.053064
1.5568,-0.062768
1.4463,-0.10152
1.4721,-0.13114
1.392,-0.18823
1.3503,-0.10092
1.3811,-0.17012
1.3098,-0.097727
1.2743,-0.1416
1.1489,-0.12208
1.0357,-0.08641
1.0215,-0.088411
0.96113,-0.13779
0.95662,-0.10076
1.0914,-0.093988
0.99049,-0.086593
1.8345,0.35569
1.7444,0.27786
1.6731,0.1588
1.59,0.047172
1.4802,0.033518
1.4735,0.0031247
1.417,-0.052827
1.4128,-0.0014997
1.3276,-0.11101
1.3582,-0.13578
1.2634,-0.16239
1.2537,-0.17996
1.0507,0.16041
0.49671,0.72841
0.19075,1.027
0.0032364,1.2664
-0.015908,1.2748
0.050945,1.2011
0.12956,1.3218
0.064212,1.533
-0.11906,1.663
-0.11563,1.6221
0.06912,1.3808
0.050578,1.3368
0.030959,1.266
0.1748,0.95491
0.5101,0.4687
1.339,-0.095473
1.445,-0.17967
1.472,-0.15915
1.4905,-0.16182
1.4571,-0.1582
1.4552,-0.1476
1.5264,-0.18202
1.5058,-0.16015
1.5562,-0.18713
1.5568,-0.16483
1.4296,-0.087223
1.5176,-0.058376
1.4827,-0.085992
1.5013,-0.015034
1.4948,-0.036813
1.4317,-0.024394
1.4178,-0.18394
1.4733,-0.19051
1.5248,-0.11877
1.5472,0.0086903
1.5367,-0.072913
1.5675,-0.069947
1.5376,-0.13595
1.4207,-0.16583
1.4295,-0.17209
1.4307,-0.15241
1.3545,-0.14557
1.2866,-0.15174
1.0367,-0.091073
1.0008,-0.096214
0.96854,-0.16861
1.0137,-0.14055
1.0517,-0.15713
1.0724,-0.1347
1.0349,-0.15315
1.0185,-0.11841
1.7386,0.213
1.6524,0.05811
1.5374,-0.085159
1.5666,-0.054958
1.5431,-0.063133
1.3847,-0.12881
1.3542,-0.081811
1.2865,-0.12501
0.093539,1.278
0.00076576,1.501
-0.05346,1.5468
-0.027121,1.4761
0.073229,1.3068
0.23748,1.3268
0.11664,1.5289
-0.059361,1.7456
-0.1056,1.7138
-0.10179,1.6239
-0.093107,1.4947
-0.029934,1.3473
0.016295,1.3518
0.0041848,1.3236
0.21843,0.65771
0.63783,0.22642
1.198,-0.11503
1.4167,-0.19253
1.4659,-0.1257
1.5088,-0.13952
1.5238,-0.16093
1.5298,-0.11424
1.5017,-0.099606
1.4588,-0.058949
1.4467,-0.098093
1.3987,-0.091776
1.4604,-0.046506
1.4567,-0.063806
1.4826,-0.0023654
1.4903,-0.017017
1.3862,-0.20333
1.5237,-0.14113
1.5764,-0.024847
1.5753,-0.1741
1.5561,-0.19789
1.4104,-0.17413
1.3842,-0.14928
1.393,-0.15712
1.2281,-0.10177
1.0205,-0.12348
0.9723,-0.099964
0.93712,-0.10267
0.87061,-0.17383
0.9923,-0.13608
1.0029,-0.16278
0.95968,-0.20378
0.99062,-0.16642
1.0432,-0.072225
1.0294,-0.11719
1.0776,-0.17884
1.8319,0.2353
1.6509,-0.0077978
1.5961,-0.034227
1.6003,-0.089528
1.6158,-0.054238
1.4691,-0.11112
1.3861,-0.15184
1.3926,-0.17483
1.0674,0.17057
0.75913,0.4338
0.435,0.74902
-0.069789,1.4579
-0.041841,1.5289
-0.0067969,1.4254
0.054912,1.3139
0.012275,1.6864
-0.069877,1.6994
0.0068386,1.4526
0.022061,1.3728
0.069372,1.3326
0.045963,1.3251
0.86662,0.0027544
1.2857,-0.17257
1.4026,-0.11212
1.4778,-0.13136
1.4752,-0.16624
1.5135,-0.23715
1.5177,-0.18884
1.56,-0.18256
1.4628,-0.16904
1.4578,-0.12905
1.5201,-0.1077
1.4984,-0.082106
1.4119,-0.089527
1.4174,-0.081548
1.4954,-0.050769
1.4936,0.013395
1.5147,-0.07323
1.5092,-0.072175
1.4397,-0.080043
1.6211,-0.15614
1.6217,-0.11586
1.4497,-0.22187
1.3843,-0.26482
1.1591,-0.088129
0.82472,-0.089609
0.89824,-0.13014
0.90155,-0.077691
0.89727,-0.068501
0.89103,-0.14086
0.93189,-0.20079
0.95615,-0.15806
0.98656,-0.14629
1.0398,-0.057871
1.0799,-0.1097
1.0501,-0.033864
0.88989,-0.091345
0.83581,-0.096072
1.819,0.1216
1.7051,-0.094935
1.6149,-0.068377
1.5968,-0.060752
1.6227,-0.10142
1.6004,-0.1079
1.534,-0.18678
1.4239,-0.13823
1.3142,-0.11819
0.99803,0.26684
0.40829,0.7255
0.032156,1.1212
-0.064314,1.3366
-0.09353,1.4401
-0.03277,1.4787
-0.023277,1.5216
0.044999,1.5354
-0.0079078,1.5289
0.018905,1.4796
-0.017187,1.4234
0.03909,1.3328
0.1504,1.3348
0.19455,1.4832
-0.073537,1.6938
-0.02809,1.6083
-0.0048751,1.5298
0.019085,1.418
0.019227,1.3842
0.097538,1.2987
0.052816,1.2847
0.050037,1.2953
0.073912,1.302
0.1188,1.238
0.23141,0.92136
0.4739,0.34409
1.381,-0.14189
1.4367,-0.12646
1.4724,-0.13737
1.4889,-0.25683
1.5503,-0.14988
1.5271,-0.17733
1.4874,-0.19588
1.4619,-0.16964
1.4862,-0.16242
1.4642,-0.089422
1.544,-0.06965
1.4827,-0.11524
1.5677,-0.16565
1.6328,-0.19401
1.6011,-0.067147
1.3014,-0.11293
1.1121,-0.13509
1.0493,-0.10882
0.87219,-0.1159
0.88657,-0.1497
0.88718,-0.12336
0.82188,-0.05856
0.83284,-0.14834
0.89163,-0.14396
0.9846,-0.014304
1.0589,-0.17199
1.0629,-0.16357
0.99687,-0.093095
0.99754,-0.16874
0.96559,-0.083232
0.88158,-0.11978
0.7987,-0.074135
1.7227,-0.035952
1.6057,-0.054504
1.4874,0.01863
1.4925,-0.024578
1.4926,-0.18426
1.4479,-0.16406
1.2249,-0.045883
0.92275,0.41418
0.43955,0.96582
0.018687,1.3523
-0.0049693,1.4226
-0.04759,1.5067
0.001328,1.5498
-0.088091,1.4855
-0.048542,1.464
-0.018346,1.3267
0.10452,1.2538
0.26854,1.2587
-0.093079,1.604
-0.090093,1.5324
-0.048779,1.4986
-0.042734,1.4223
-0.025209,1.3852
0.059276,1.2677
1.2158,-0.070023
1.4121,-0.12509
1.4391,-0.13231
1.4319,-0.18989
1.5961,-0.18195
1.5136,-0.1885
1.4898,-0.17374
1.5331,-0.21202
1.5335,-0.20094
1.5123,-0.16478
1.4915,-0.17431
1.4904,-0.16605
1.5132,-0.21565
1.5465,-0.14565
1.5807,-0.14835
1.5644,-0.16149
1.446,-0.081168
1.0685,-0.080571
0.92262,-0.093731
0.83335,-0.089149
0.79831,-0.091045
0.76008,-0.12253
0.73832,-0.11519
0.76278,-0.046117
0.89788,-0.095201
1.0101,-0.068242
0.89812,-0.0095898
0.88563,-0.070475
0.95922,-0.1699
1.0353,-0.13426
1.0285,-0.097721
0.97641,-0.11414
0.87579,-0.12761
0.81861,-0.16492
0.78761,-0.14526
0.79907,-0.12147
1.5205,0.0024692
1.5124,0.037753
1.5287,0.027458
1.5738,-0.2141
1.3478,-0.15321
0.79583,0.72165
-0.025284,1.4475
-0.074444,1.5291
-0.05798,1.568
-0.099815,1.4463
-0.028929,1.4004
0.04195,1.3283
0.099629,1.1465
0.14115,1.1269
0.018469,1.4661
0.0050199,1.3372
0.02498,1.2086
0.033775,1.232
0.094246,1.2195
0.028234,1.2721
0.057494,1.1976
0.11449,1.0226
0.36232,0.55634
1.3203,-0.15803
1.4271,-0.11745
1.4592,-0.1167
1.4639,-0.16514
1.4687,-0.2343
1.4701,-0.17628
1.5601,-0.17401
1.5205,-0.14142
1.5282,-0.13636
1.5134,-0.10463
1.464,-0.16285
1.4304,-0.13993
1.4769,-0.17371
1.5449,-0.22157
1.5391,-0.19055
1.433,-0.15837
1.2674,-0.21875
0.81892,-0.18974
0.68936,-0.11565
0.6347,-0.21556
0.59006,-0.18692
0.55701,-0.17128
0.52545,-0.12232
0.56961,-0.032579
0.60756,-0.036619
0.69428,-0.07188
0.7549,-0.043201
0.84391,-0.090152
0.91874,-0.12258
1.0118,-0.054523
1.0248,-0.0057031
0.99097,-0.1258
0.93632,-0.16569
0.93529,-0.16514
0.83773,-0.18075
0.83441,-0.13628
1.5534,-0.0949
1.5668,-0.066225
1.5739,-0.11335
1.5888,-0.21063
1.4148,-0.15388
1.2962,-0.15349
1.2273,0.040953
0.0067208,1.5316
-0.055045,1.6133
-0.057121,1.5796
-0.067131,1.4223
-0.022517,1.3962
0.062428,1.2434
0.10544,1.0892
0.17349,1.1093
0.072617,1.3854
-0.076458,1.4488
-0.023509,1.4081
-0.068031,1.2845
-0.0261,1.2535
-0.0017876,1.1925
0.045511,1.1233
0.10908,1.1084
0.13526,1.1015
0.028414,1.1533
0.04284,1.1003
1.4117,-0.12212
1.4958,-0.18102
1.4633,-0.23529
1.531,-0.16311
1.5474,-0.11432
1.5494,-0.13958
1.5449,-0.13874
1.5597,-0.13768
1.559,-0.08428
1.5434,-0.0094128
1.4663,-0.11834
1.5383,-0.10956
1.5179,-0.17006
1.4336,-0.1306
1.2726,-0.061399
0.98538,-0.16979
0.68039,-0.14461
0.47545,-0.2298
0.49802,-0.15551
0.55229,-0.071134
0.62773,-0.16023
1.0121,-0.05265
1.1027,-0.051722
1.0327,-0.054819
0.92058,-0.13241
0.90866,-0.10266
0.86028,-0.13431
0.84953,-0.11399
0.81673,-0.11076
0.92792,-0.13671
1.5558,-0.25264
1.5978,-0.14087
1.6549,-0.13825
1.3699,-0.17806
1.2896,-0.12009
1.2545,-0.19163
1.21,-0.12618
1.0543,0.36264
0.74852,0.80814
0.27033,1.3551
-0.010545,1.6104
-0.0076094,1.6721
-0.031988,1.6342
-0.056041,1.5647
-0.04091,1.5496
-0.023928,1.4582
-0.015815,1.4224
-0.014142,1.4385
0.0048114,1.3575
-0.0057911,1.3224
0.081596,1.1287
-0.0038216,1.4312
0.039721,1.0019
0.076661,1.1183
0.042557,1.065
1.3575,-0.19886
1.4594,-0.18099
1.4202,-0.25526
1.562,-0.18736
1.5688,-0.22769
1.6006,-0.17585
1.6121,-0.10348
1.5754,-0.065307
1.5592,-0.13731
1.5618,-0.14832
1.4931,-0.15445
1.3859,-0.10311
1.2571,-0.096722
1.0464,-0.064057
0.98112,-0.10241
0.71819,-0.11264
0.60749,-0.1159
0.4884,-0.13848
0.49354,-0.22542
0.55919,-0.16699
0.50452,-0.081093
0.44192,-0.11373
0.51842,-0.19565
0.56024,-0.24287
0.75791,-0.093842
0.88794,-0.064218
0.98033,-0.05384
0.93519,-0.065563
0.77225,-0.090733
0.71206,-0.061537
0.7151,-0.065177
0.88636,-0.1128
1.5771,-0.20231
1.5298,-0.16282
1.5031,-0.21702
1.4226,-0.23223
1.3118,-0.15248
1.2304,-0.14366
1.1986,-0.159
1.2443,-0.14351
1.15,0.047573
0.92314,0.44923
0.51717,1.0267
0.13525,1.5148
0.026892,1.6148
0.0069823,1.6038
0.0099997,1.5358
-0.0095153,1.5532
0.0084267,1.522
0.0077966,1.412
0.054712,1.3057
0.079207,1.2285
0.11455,1.1554
0.15036,1.3419
-0.033644,1.4799
-0.064712,1.4228
0.03319,1.2658
0.048568,1.1684
0.10029,1.0744
0.12968,1.0971
0.10785,1.0718
0.1189,1.1138
0.19348,0.8871
0.42699,0.45745
1.2559,-0.23296
1.5547,-0.2692
1.5896,-0.24875
1.5861,-0.2078
1.5975,-0.2223
1.5347,-0.14799
1.5227,-0.12806
1.4547,-0.17341
1.4017,-0.1559
1.3383,-0.15807
1.2395,-0.16504
1.0782,-0.12943
0.99291,-0.066713
0.96726,-0.053604
0.91394,-0.021188
0.7783,-0.05961
0.55121,-0.056901
0.44891,-0.056841
0.47622,-0.10404
0.53082,-0.091154
0.45977,-0.0077647
0.53335,-0.14235
0.67239,-0.10293
0.83325,-0.072621
0.80274,-0.063207
0.68795,-0.050151
0.72004,-0.069033
0.77506,-0.078038
1.5973,-0.17375
1.6092,-0.16628
1.5966,-0.16784
1.2273,-0.10297
1.1679,-0.157
1.1404,-0.08177
1.0144,0.20817
0.78548,0.68718
0.33681,1.2276
0.053052,1.5422
-0.006527,1.5693
-0.035163,1.5621
-0.0083398,1.574
0.0095461,1.5093
-0.0043451,1.4725
-0.0036762,1.4234
0.055023,1.3251
0.11458,1.3596
-0.062687,1.4744
0.0036052,1.2064
0.048282,1.1635
0.050498,1.1285
0.030211,1.1169
0.095406,1.0669
0.16003,0.90651
0.70215,0.46348
1.003,0.11839
1.2496,-0.10261
1.5787,-0.26591
1.6136,-0.17162
1.6007,-0.2062
1.5957,-0.16623
1.5935,-0.22565
1.5805,-0.22768
1.509,-0.21996
1.4415,-0.19395
1.4166,-0.22915
1.1502,-0.20022
1.079,-0.17996
0.93216,-0.15755
0.63375,-0.05698
0.60362,-0.014055
0.52864,0.038516
0.48437,-0.0074004
0.50988,-0.013619
0.4817,0.0039487
0.52624,0.032451
0.53877,-0.10052
0.59723,-0.033684
0.65995,0.012028
0.70486,0.0082723
0.35922,0.55354
0.22271,0.76202
0.082757,0.69917
0.21596,0.41966
0.5329,0.12934
0.75918,-0.074099
0.8168,-0.052593
1.5733,-0.22353
1.5435,-0.14724
1.4061,-0.18087
1.1883,-0.092236
1.1995,-0.20295
1.1215,-0.14587
0.95352,0.37703
0.59118,0.84823
-0.081335,1.5491
-0.032022,1.509
-0.024356,1.5453
-0.059166,1.5132
-0.0088443,1.4485
0.055854,1.2643
0.1353,1.1279
0.14547,1.1562
0.22356,1.1851
0.024897,1.377
-0.067789,1.2443
0.0046933,1.1446
0.12803,0.90422
0.20974,0.76431
0.32718,0.58053
0.80508,0.24325
0.94032,0.084042
1.0243,-0.067869
1.0482,-0.10767
1.0704,-0.16831
1.1758,-0.16497
1.3489,-0.19836
1.5298,-0.23207
1.4872,-0.16497
1.42,-0.21197
1.3667,-0.20129
1.341,-0.22282
1.3471,-0.15298
1.2732,-0.17472
1.0286,-0.10491
0.97976,-0.15507
1.0227,-0.1308
1.0043,-0.12117
0.938,-0.042129
0.76789,-0.048794
0.6498,-0.10693
0.58537,0.13018
0.45954,0.18308
0.42583,0.16794
0.45241,0.0016518
0.54644,0.020537
0.49215,0.063944
0.53103,-0.042841
0.60227,0.11705
0.030136,1.043
-0.12114,1.183
-0.10142,1.2386
0.0045132,1.1188
0.0024074,0.81477
0.59306,-0.014629
0.63958,-0.0014769
1.3354,-0.21549
1.2986,-0.16355
1.1831,-0.027215
1.2599,-0.10754
1.3452,-0.16778
1.2746,-0.16919
1.2518,-0.20156
1.18,-0.063617
1.1249,-0.09579
1.1362,-0.10029
1.1748,-0.15123
1.1237,0.14611
0.83179,0.55625
0.398,1.1173
-0.0034324,1.4483
-0.064087,1.519
-0.062772,1.5166
-0.068323,1.5155
-0.055471,1.5292
-0.056461,1.4761
-0.063065,1.4249
0.04506,1.2402
0.088952,1.1909
0.09847,1.2467
0.057915,1.1969
0.09336,1.1927
0.10327,1.1943
-0.089333,1.2628
0.45438,0.45153
0.82702,0.035067
0.93259,-0.14112
0.95926,-0.11796
0.94493,-0.14718
1.4215,-0.24368
1.5358,-0.15326
1.5343,-0.12291
1.4569,-0.061485
1.3665,-0.18087
1.2859,-0.17711
1.2908,-0.18842
1.3229,-0.19273
1.0147,-0.072518
0.95965,-0.14283
1.0359,-0.1375
1.0071,-0.044025
0.76384,0.034085
0.67929,0.014273
0.63823,-0.0066947
0.60264,0.015041
0.62103,0.066295
0.5189,0.21861
0.38478,0.21477
0.4493,0.030089
0.45128,0.07848
0.43502,0.049138
0.51099,0.00028974
-0.09994,1.4603
-0.15322,1.4941
-0.14381,1.4687
-0.082624,1.1766
0.316,0.26214
0.46736,0.070774
0.53603,0.05274
1.282,-0.25033
1.2745,-0.14015
1.2904,-0.18632
1.3146,-0.17661
1.3777,-0.1541
1.3086,-0.1448
1.2329,-0.091253
1.2265,-0.057777
1.217,-0.11843
1.2446,-0.1257
1.2436,-0.11643
1.2821,-0.048379
1.0415,0.29333
0.67712,0.68622
0.14138,1.3126
0.047621,1.3474
-0.0060279,1.3164
0.026018,1.1672
0.0092207,1.2316
-0.0036395,1.2968
-0.0045601,1.2637
0.056208,1.073
0.24542,0.63128
0.42757,0.35589
0.72391,0.095777
0.92258,-0.16276
0.89975,-0.19215
0.89895,-0.20986
0.93242,-0.14178
0.95905,-0.12886
0.95575,-0.11561
1.0627,-0.11793
1.2669,-0.20575
1.3677,-0.13312
1.2845,-0.1059
1.2504,-0.22093
1.0776,-0.13105
1.0261,-0.090153
0.93243,-0.079182
1.0501,-0.15483
0.9018,0.039624
0.71612,0.096471
0.37619,0.15008
0.39759,0.087235
0.38615,0.066144
0.44625,-0.035519
0.46656,0.053021
0.44284,0.063853
0.42262,0.49171
0.35465,0.89543
0.11169,1.3125
-0.13468,1.5598
0.015235,1.0574
0.059238,0.67549
0.23275,0.27814
0.5658,0.12718
1.2939,-0.20195
1.2651,-0.2017
1.2474,-0.1846
1.2948,-0.21163
1.3054,-0.20164
1.2968,-0.082004
1.2688,-0.087169
1.2412,-0.075839
1.2952,-0.08381
1.3269,-0.052783
1.2949,0.036604
1.2232,0.1478
0.2683,1.0963
0.076311,1.2231
0.068969,1.2346
-0.0073278,1.2861
-0.030475,1.1208
0.049429,0.905
0.29507,0.54272
0.72026,-0.0034774
0.77669,-0.20474
0.81436,-0.17281
0.86152,-0.1626
0.95732,-0.081963
0.95887,-0.058552
0.99747,-0.10977
1.198,-0.16474
1.2044,-0.13971
1.089,-0.11852
1.0645,-0.032955
1.0251,-0.11343
1.0355,-0.16421
0.99908,-0.11204
0.94606,-0.19277
0.9793,-0.12014
1.0469,-0.17603
1.0518,-0.047605
1.0537,-0.013281
0.98056,0.084316
0.64775,0.082956
0.5915,0.12946
0.49302,0.19812
0.35559,0.1277
0.4526,0.097801
0.39377,0.13338
0.44413,0.12817
0.4694,0.18844
0.47307,0.43566
0.38065,0.84211
-0.055865,1.5585
-0.14221,1.5115
-0.10148,1.3501
-0.10731,1.1393
-0.023267,0.75631
0.27949,0.31135
0.37315,0.19806
1.3341,-0.19846
1.2885,-0.21124
1.2919,-0.13218
1.2675,-0.070364
1.2626,-0.12194
1.2302,-0.1664
1.2684,-0.13261
1.33,-0.11872
1.3873,-0.21161
1.2927,-0.019296
0.95313,0.3771
0.57327,0.72566
0.2293,1.0876
0.12505,1.1654
0.18479,1.0941
0.2058,1.0987
0.095594,1.3688
-0.033849,1.3211
0.042945,1.1592
0.64295,0.33769
0.75704,0.024713
0.84376,-0.036878
0.84397,-0.15982
0.80614,-0.18331
0.78052,-0.20369
0.77716,-0.2258
0.79716,-0.15853
0.82203,-0.16853
0.85576,-0.12637
0.93239,-0.085444
0.99637,-0.13658
1.0313,-0.16655
1.1126,-0.21135
1.1496,-0.21427
1.236,-0.21081
1.1467,-0.13083
1.129,-0.17886
1.0576,-0.081816
0.98715,-0.13493
0.98769,-0.089828
1.0837,-0.061775
1.0971,-0.083736
1.0782,-0.069626
1.0717,-0.061473
0.89846,0.13616
0.69795,0.20392
0.60381,0.16289
0.51277,0.13814
0.55751,0.093759
0.51183,0.24806
0.41558,0.010676
0.47411,0.064333
0.47006,0.16193
0.53138,0.36993
0.37242,0.77305
0.17989,1.1746
-0.096528,1.5375
-0.083058,1.3814
0.027674,0.92393
0.1738,0.5783
1.5789,-0.21805
1.5148,-0.25535
1.4191,-0.24079
1.3214,-0.25601
1.296,-0.24764
1.2788,-0.24976
1.2564,-0.11163
1.25,-0.12152
1.2504,-0.11569
1.2378,-0.20091
1.3189,-0.21153
1.4145,-0.18813
1.4735,-0.26395
1.5301,-0.29513
1.2397,0.078435
0.85809,0.41799
0.44781,0.76549
0.2808,0.91711
0.47117,0.91487
0.075287,1.2195
0.33756,0.97471
0.80957,-0.14857
0.77734,-0.19166
0.7728,-0.18261
0.75806,-0.22675
0.8299,-0.18019
0.92693,-0.13494
1.0357,-0.16348
0.94914,-0.1834
0.99969,-0.18391
1.0124,-0.23316
1.1927,-0.23644
1.1401,-0.13746
1.0859,-0.18431
1.019,-0.058838
0.93767,-0.042015
0.91216,-0.026838
0.91142,-0.021954
0.95134,-0.077274
0.99089,-0.093803
1.0782,-0.055949
0.47543,0.25169
0.53592,0.17708
0.60699,0.11331
0.5981,0.18851
0.55517,0.23373
0.491,0.3409
0.31934,0.17973
0.46849,0.11818
0.52567,0.23023
0.49291,0.29306
0.36233,0.51213
0.2735,0.65166
0.17438,0.98515
-0.039781,1.3125
-0.0044697,1.4196
0.10583,1.0667
0.094063,0.7529
0.13956,0.61918
1.5441,-0.30118
1.4886,-0.24974
1.3852,-0.23093
1.3284,-0.29102
1.338,-0.20911
1.3746,-0.15752
1.3598,-0.16615
1.3285,-0.21694
1.3449,-0.20127
1.4068,-0.24677
1.482,-0.27153
1.5425,-0.29873
1.5635,-0.3386
1.5468,-0.35775
1.3927,-0.13869
1.073,0.1206
0.73293,0.46471
0.82989,0.49546
0.63418,0.64494
0.74344,0.36328
0.92452,0.19377
0.92678,-0.036746
0.79976,-0.21545
0.84822,-0.10094
0.82535,-0.076635
0.84151,-0.1938
0.82272,-0.17128
0.84276,-0.20855
0.90753,-0.12288
0.92931,-0.16603
0.90596,-0.14142
0.93305,-0.23049
0.96221,-0.20476
0.92584,-0.2185
0.9165,-0.18514
0.97301,-0.22962
1.1284,-0.2915
1.0918,-0.15966
1.0351,-0.11738
1.016,-0.074969
0.94491,0.039563
0.88472,0.078165
0.82668,0.072614
0.81768,0.073707
0.89156,0.00069667
0.95993,-0.057226
0.99099,-0.041379
0.64488,0.25048
0.49561,0.23006
0.56187,0.20168
0.62449,0.16928
0.43582,0.18046
0.54599,0.17317
0.54753,0.26075
0.49671,0.3939
0.33819,0.60204
0.03186,1.0339
0.053713,1.0209
0.19013,1.019
0.15268,1.1384
0.080049,1.2451
-0.059863,0.96393
0.034134,0.85782
1.5921,-0.29142
1.5724,-0.2181
1.5122,-0.21052
1.4668,-0.26061
1.5111,-0.26504
1.5444,-0.26086
1.4264,-0.21222
1.45,-0.158
1.457,-0.25292
1.4669,-0.26671
1.4934,-0.3782
1.5142,-0.43362
1.3616,-0.053385
1.21,0.13871
1.0645,0.15665
0.91829,0.14203
0.92546,0.18122
0.86273,0.15979
0.90203,0.089921
0.9745,-0.046336
0.93324,-0.09763
0.8951,-0.072268
0.81301,-0.14804
0.84693,-0.10209
0.83723,-0.16367
0.79627,-0.17418
0.85222,-0.22969
0.89114,-0.21545
0.89437,-0.20763
0.92035,-0.19661
0.88471,-0.20413
0.88726,-0.23969
0.89974,-0.22701
0.90967,-0.23961
0.93006,-0.20014
0.9766,-0.22987
1.1328,-0.23278
0.91108,0.049768
0.7998,0.11733
0.74304,0.16215
0.77499,0.14606
0.79256,0.067281
0.84188,0.019413
0.88431,-0.019838
0.88774,-0.045056
0.88223,0.011697
0.82551,0.18159
0.655,0.22869
0.5163,0.19651
0.54876,0.086149
0.61541,0.1669
0.60076,0.16299
0.53228,0.28746
0.22376,0.71556
0.089462,0.90385
0.038861,1.1532
0.053341,1.0853
0.14716,0.9675
0.021097,1.0643
0.016803,1.1443
-0.038681,1.1525
0.0016677,1.0266
1.6043,-0.28423
1.5571,-0.23194
1.6049,-0.24071
1.5625,-0.25031
1.5187,-0.3033
1.6076,-0.32494
1.5321,-0.19862
1.5157,-0.18716
1.4731,-0.25492
1.5161,-0.32041
1.5479,-0.41156
1.521,-0.38564
0.89921,-0.072557
0.90958,-0.1147
0.85696,-0.13485
0.86444,-0.12546
0.87291,-0.066288
0.8076,-0.11701
0.85862,-0.1122
0.85255,-0.13711
0.86838,-0.18126
0.88266,-0.1661
0.86994,-0.1809
0.86518,-0.15541
0.83871,-0.16737
0.84798,-0.1785
0.87087,-0.21186
0.85574,-0.21334
0.86207,-0.22898
0.8849,-0.23744
0.91531,-0.20085
1.0497,-0.20178
1.0881,-0.22108
1.2017,-0.22254
0.93714,0.031726
0.82388,0.11996
0.78217,0.051469
0.87572,0.014337
0.84843,-0.018301
0.82212,-0.057954
0.8993,0.0032541
0.92457,-0.023668
0.96439,-0.047876
0.90033,0.085158
0.79681,0.18899
0.67638,0.18476
0.61647,0.19162
0.68955,-0.0088988
0.8284,0.059101
0.16908,0.8312
0.072809,1.0284
0.019637,1.2031
0.021437,1.169
0.11081,1.0629
0.016088,0.94905
0.09023,0.97547
0.047318,1.0461
0.040713,1.1065
0.042539,1.0563
1.6275,-0.27435
1.6308,-0.25423
1.5714,-0.31024
1.6093,-0.34436
1.5828,-0.20135
1.5919,-0.17838
1.4402,-0.28832
1.5155,-0.3299
1.5745,-0.31246
1.4967,-0.28138
1.4723,-0.25378
1.516,-0.17836
1.4426,-0.12841
0.92614,-0.033523
0.84278,-0.083942
0.89425,-0.091977
0.86543,-0.15749
0.87387,-0.15974
0.93368,-0.072486
0.93301,-0.10613
0.88729,-0.13668
0.86554,-0.21
0.8577,-0.1814
0.87556,-0.15651
0.85983,-0.16141
0.88605,-0.20929
0.89707,-0.21865
0.98216,-0.17041
1.0411,-0.24248
1.0987,-0.26689
1.0994,-0.1472
1.0657,-0.018527
1.0152,0.073671
0.91715,0.046169
0.79935,0.10391
0.83135,0.06979
0.81461,0.037481
0.82538,0.041905
0.89394,0.00084471
0.90537,0.01431
0.96021,0.063905
0.71242,-0.041745
0.87073,-0.17063
1.0064,0.03116
0.99977,0.23912
0.048727,1.056
0.052726,1.1146
0.054692,1.1505
0.0037234,1.1682
-0.024145,1.2221
0.04584,0.95301
0.22058,0.90136
0.023593,1.1008
0.040563,1.1459
1.594,-0.27267
1.5961,-0.27309
1.6461,-0.26614
1.5573,-0.32167
1.5852,-0.2618
1.5308,-0.23384
1.55,-0.27966
1.5667,-0.21957
1.4758,-0.27302
1.5336,-0.28323
1.6067,-0.26361
1.5558,-0.25413
1.45,-0.22526
1.336,-0.22372
1.0824,-0.21119
0.98179,-0.16583
0.80837,-0.035596
0.76676,-0.054722
0.7719,-0.041409
0.8889,-0.10002
0.90663,-0.058472
0.88844,-0.096534
0.99749,-0.11198
1.0032,-0.023127
1.0139,-0.059261
1.0068,-0.11641
0.89507,-0.10045
0.87363,-0.15798
0.85897,-0.096131
0.83881,-0.13395
1.0026,-0.15123
1.0141,-0.16262
0.96861,-0.18064
0.9582,-0.16254
1.0362,-0.15467
1.1271,-0.17165
1.2118,-0.17589
1.2335,-0.12942
1.1078,-0.038341
0.85761,0.16708
0.81175,0.14973
0.80405,0.15352
0.79303,0.090864
0.85301,0.056521
0.92375,0.042577
0.97787,-0.00036372
1.0058,0.0060171
0.93356,-0.082985
0.80839,-0.12016
0.83357,-0.14715
0.95834,-0.13771
0.99759,-0.16388
1.0124,0.027348
0.59331,0.81172
0.045443,1.1003
0.067015,1.2119
0.013494,1.2449
0.010746,1.1378
0.087205,1.084
0.06982,1.1318
-0.014393,1.1815
-0.033876,1.1112
1.5873,-0.28904
1.6079,-0.2843
1.5637,-0.29258
1.5468,-0.22459
1.5353,-0.14502
1.5404,-0.1184
1.4444,-0.082125
1.1547,-0.13614
1.0397,-0.095775
0.86799,-0.1544
0.80444,-0.183
0.79789,-0.10904
0.78201,-0.059811
0.86307,-0.097482
0.89519,-0.059666
0.86498,-0.061593
0.95493,-0.063648
0.94115,-0.15494
0.97388,-0.08688
0.95536,-0.042719
0.95047,-0.099435
0.96663,-0.10163
0.88952,-0.10156
0.90722,-0.12872
0.9653,-0.11333
0.96764,-0.16276
0.98969,-0.12025
1.0036,-0.17983
1.0123,-0.1359
1.0184,-0.067131
1.0612,-0.14643
1.1972,-0.10069
1.2361,-0.16683
1.2698,-0.13987
1.0279,0.030343
0.91885,0.12237
0.93109,0.11343
0.94664,0.15736
0.9496,0.15913
0.98906,0.13202
1.0652,0.080354
1.0343,0.036617
1.0829,0.012656
1.1043,0.064763
1.1341,0.049981
0.98751,0.11598
0.96146,0.049148
0.92326,0.0021627
0.9254,-0.050354
1.0033,0.096549
0.86755,0.50537
0.42982,0.85059
0.068648,1.0775
0.040844,1.2419
0.0016188,1.3058
-0.046871,1.2906
-0.00099787,1.056
1.6767,-0.38192
1.5426,-0.23431
1.5185,-0.21934
1.5337,-0.18535
1.4393,-0.19809
1.4216,-0.14504
1.4365,-0.10868
1.4058,-0.05886
1.1916,-0.11933
0.97595,-0.10091
0.83305,-0.15108
0.82494,-0.18321
0.84028,-0.084682
0.85058,-0.074323
0.91251,-0.068933
0.90438,-0.040787
0.90681,-0.045289
0.90887,-0.084966
0.90637,-0.055056
0.88746,-0.13201
0.91146,-0.022704
0.87282,-0.083643
0.84768,-0.12998
0.91457,-0.11684
0.92329,-0.11746
0.97642,-0.13179
1.0094,-0.1363
1.0723,-0.17136
1.1428,-0.1206
1.2636,-0.07234
1.2792,-0.13805
1.2517,-0.16578
1.1232,-0.0080282
1.072,-0.00052178
1.1262,0.12178
1.1431,0.22863
1.1189,0.25188
1.0825,0.16163
1.0643,0.09952
0.95457,-0.057708
0.9855,0.0038245
1.0573,-0.023726
0.96358,0.24092
0.74813,0.62776
0.30675,0.98845
0.088879,1.1774
0.033904,1.3172
-0.030835,1.4177
-0.0018527,1.1738
0.19723,0.84294
0.74197,0.41094
1.577,-0.26374
1.5836,-0.35308
1.5629,-0.30297
1.5412,-0.2523
1.4765,-0.17387
1.4453,-0.12514
1.3648,-0.12745
1.3688,-0.10523
1.4219,-0.076272
1.4665,-0.043014
1.478,-0.051559
1.4066,-0.043531
1.2917,-0.081112
0.921,-0.08796
0.8965,-0.19438
0.92801,-0.14224
0.92299,-0.079738
0.91752,-0.059643
0.91292,-0.07335
0.94813,-0.10906
0.94607,-0.098103
0.99485,-0.070176
0.92218,-0.10695
0.89271,-0.19369
0.8949,-0.13559
0.84403,-0.14877
0.86902,-0.1511
0.87148,-0.1354
0.87114,-0.13473
0.95049,-0.15694
0.99424,-0.23431
1.0413,-0.15881
1.1374,-0.11883
1.2208,-0.082631
1.1788,-0.14994
1.175,-0.11943
1.1871,-0.10825
1.2468,0.23733
1.2036,0.17753
1.1143,0.082297
1.0547,0.060171
1.0574,0.022524
1.0264,-0.034702
1.0278,0.03973
0.96338,0.28046
0.68917,0.71231
0.23396,0.96843
0.089792,1.162
-0.00053701,1.4489
-0.049453,1.3688
0.17559,0.79283
1.0675,0.10923
1.091,0.011778
1.6265,-0.2545
1.6698,-0.2947
1.5998,-0.24554
1.5836,-0.2977
1.5695,-0.27196
1.5221,-0.21834
1.4281,-0.16195
1.3553,-0.11796
1.4029,-0.15314
1.4695,-0.16793
1.4695,-0.070408
1.4227,-0.094349
1.2782,-0.074934
0.93127,-0.13294
0.87523,-0.11583
0.87032,-0.16761
0.88132,-0.17954
0.8864,-0.098008
0.89558,-0.07672
0.95574,-0.081962
0.95841,-0.0865
0.91217,-0.14195
0.94847,-0.12301
1.0137,-0.19512
1.0004,-0.12253
0.891,-0.084549
0.91272,-0.11927
0.95752,-0.13209
0.85789,-0.062193
0.88396,-0.10865
0.91059,-0.12309
0.92968,-0.098635
0.96237,-0.11161
1.0091,-0.10933
0.99496,-0.1505
0.9957,-0.11851
1.0202,-0.1008
1.0308,-0.10514
1.0208,-0.05368
1.1171,-0.043974
1.1266,0.0084875
1.1784,-0.058245
1.1175,0.18985
1.0297,0.15557
0.53297,0.78455
0.18707,1.0646
0.050462,1.1278
0.081591,1.2099
-0.0057062,1.3515
7.04e-05,1.2039
0.12123,0.8024
0.53155,0.28298
1.6737,-0.23472
1.6218,-0.26785
1.5041,-0.23186
1.4473,-0.11969
1.4245,-0.033204
1.437,-0.13241
1.4158,-0.17789
1.5045,-0.073
1.4673,-0.083534
1.3095,-0.092105
1.2086,-0.11623
0.99963,-0.10494
0.92632,-0.078426
0.90748,-0.16866
0.915,-0.12579
0.9654,-0.18071
1.0096,-0.15967
0.95696,-0.12893
0.95511,-0.086178
0.93135,-0.098185
0.91922,-0.055656
0.95569,-0.054003
0.92288,-0.058346
0.86397,-0.069567
0.87777,-0.066102
0.95145,-0.054378
0.95392,-0.031031
0.91215,-0.010774
0.90907,-0.14154
0.93361,-0.16811
0.96309,-0.1151
0.97099,-0.036905
0.99965,-0.052341
1.007,-0.041093
1.0156,-0.082704
1.0474,-0.042439
1.0833,0.32268
1.0256,0.15245
0.99552,0.010634
1.0275,-0.052019
1.0403,0.11676
0.92236,0.40579
0.16823,0.96476
0.068973,1.0686
-0.016401,1.0989
0.091706,0.76635
0.36088,0.32751
0.74942,0.0025271
1.0141,-0.043793
1.6007,-0.25462
1.5791,-0.24383
1.4665,-0.23233
1.4984,-0.15324
1.5232,-0.080282
1.5323,-0.015581
1.4661,-0.015528
1.4255,-0.056533
1.4355,-0.11789
1.4636,-0.052476
1.5409,-0.089353
1.511,-0.12208
1.3636,-0.088618
1.162,-0.01823
1.0681,-0.071844
1.0064,-0.091824
0.96129,-0.1026
0.98279,-0.084812
0.92176,-0.094302
0.93598,-0.13094
0.95244,-0.067843
0.92066,-0.016835
0.94949,-0.041427
0.93396,-0.018933
0.92712,-0.083157
0.89794,-0.076031
0.90224,0.010007
0.86713,0.023327
0.98158,-0.067842
0.94663,-0.085985
0.91759,-0.047968
0.90548,-0.031135
0.91918,-0.00025152
0.87984,-0.066192
0.9205,-0.091718
0.98069,-0.04245
0.97245,-0.012238
0.95426,0.0025132
0.93132,-0.028358
0.98639,0.033786
1.0566,0.28742
1.0236,0.12644
1.0505,0.089966
0.1575,0.76324
0.49398,0.61952
0.74277,0.34032
0.89602,0.059893
0.96526,-0.11095
1.1908,-0.13854
1.1942,-0.14194
1.4497,-0.20339
1.5831,-0.13205
1.6611,-0.05368
1.6413,0.056503
1.5607,0.05756
1.4678,-0.052017
1.4633,-0.097051
1.5174,-0.077941
1.4103,-0.16849
1.2764,-0.10273
1.0999,0.0056769
0.99801,-0.13621
1.032,-0.10207
0.98664,-0.11489
0.99342,-0.11379
0.95489,-0.11585
0.97389,-0.13586
0.92367,-0.012801
0.94985,-0.016818
0.89585,-0.020274
0.9057,-0.019617
0.95492,0.024172
0.95981,0.018009
0.99469,-0.051682
0.93249,-0.10032
0.94151,-0.13408
0.95646,-0.10014
0.93461,-0.13808
0.89029,-0.092275
0.90487,0.0019641
0.96283,0.044666
1.0167,0.11423
1.0123,0.15135
1.0222,0.21592
1.0471,0.29018
1.3516,0.35594
1.51,0.49788
1.614,0.72261
1.07,0.4078
1.0584,0.27414
1.1192,0.037255
0.72187,0.53127
0.4279,0.61254
0.43824,0.48655
0.67705,0.36665
1.1226,0.12719
1.1488,0.036402
1.1175,0.009329
1.0942,-0.069117
0.93585,-0.005247
1.0408,-0.079889
1.5705,-0.19425
1.6816,0.017426
1.7046,0.035642
1.5483,-0.0067149
1.4912,-0.066765
1.4728,-0.030732
1.1023,-0.1282
1.0613,-0.095062
1.0391,-0.047641
1.0208,-0.062894
0.96535,-0.085511
0.9784,-0.1083
0.92158,-0.16606
0.92634,-0.10702
0.95311,-0.025865
0.97249,0.0041239
1.0019,-0.010703
1.0011,0.050321
1.0093,-0.046941
0.97544,-0.07331
0.95468,-0.15501
0.88846,-0.088977
0.84064,-0.11822
0.83036,-0.17587
0.86854,-0.10214
0.90306,-0.1134
0.97777,0.054742
0.98235,0.090959
0.98206,0.14844
1.3551,0.41766
1.6536,0.64921
1.6764,0.74878
1.6554,0.76333
1.4662,0.79233
1.1439,0.33303
1.0863,0.15445
1.1586,-0.059324
1.025,0.20068
0.97936,0.18935
1.2382,0.041034
1.3103,0.054656
1.3003,0.0075534
1.2009,0.016519
1.1613,0.037806
1.1443,-0.015027
0.92908,-0.035248
0.95327,-0.064954
1.4037,-0.18213
1.5998,-0.020731
1.5238,0.027104
1.4681,-0.032427
1.3439,-0.11886
1.3001,-0.20268
1.1999,-0.12594
1.1778,-0.099421
1.0825,-0.077283
1.0699,-0.034629
0.92691,-0.17921
0.93041,-0.19211
0.95114,-0.097354
0.9878,0.010279
0.99391,-0.025331
1.0395,0.0079382
1.0389,-0.020579
1.0677,-0.013202
0.96105,-0.10255
0.94456,-0.10689
0.91796,-0.13209
0.91227,-0.13583
0.89049,-0.16421
0.88882,-0.18252
0.88541,-0.12742
0.92036,-0.074839
0.97284,-0.018134
1.0329,0.027641
0.99857,0.041215
0.98324,0.10182
1.0409,0.11307
1.5058,0.44201
1.6348,0.56753
1.6827,0.67268
1.7218,0.7188
1.6608,0.76818
1.5795,0.81414
1.407,0.81766
1.1035,0.11449
1.1121,-0.15123
1.0852,-0.13892
0.98332,-0.0065039
1.1306,-0.056257
1.2202,-0.018157
1.3199,-0.031495
1.1842,-0.063623
0.90687,-0.065001
0.94472,-0.046648
1.0136,-0.02957
1.1934,-0.14269
1.3881,-0.12336
1.468,-0.020883
1.4731,0.0034104
1.475,0.011372
1.4192,-0.026962
1.4006,-0.12324
1.2906,-0.14104
1.2558,-0.15334
1.1907,-0.11977
1.1843,-0.10246
1.2175,-0.080231
1.2202,-0.10336
1.1459,-0.073063
1.0065,-0.056425
0.92801,-0.12643
0.86903,-0.14595
0.96422,-0.13099
0.9742,-0.07711
0.99433,0.030243
1.1028,0.0060853
1.0809,0.019444
0.99331,-0.034103
0.93361,-0.025105
0.89236,-0.0076657
0.77442,-0.051161
0.9197,-0.1513
0.93524,-0.10804
0.95871,-0.070948
1.651,0.568
1.7184,0.81715
1.649,0.92063
1.5317,1.0126
1.4367,0.9221
1.3913,0.82356
0.99969,-0.075586
0.93739,-0.13365
0.86487,-0.10842
0.85352,-0.1207
1.1826,-0.074844
1.281,-0.087025
1.2665,-0.039136
1.2218,0.043289
1.1827,-0.00017164
1.153,-0.064935
0.98687,0.01618
0.97206,-0.030623
0.98617,-0.080113
0.96576,-0.14343
1.3631,-0.0089322
1.3697,-0.016603
1.3238,-0.13104
1.335,-0.16139
1.2854,-0.11831
1.1904,-0.055221
1.1871,-0.074134
1.232,-0.066145
1.2474,-0.036629
1.1423,0.016952
1.0319,-0.025711
0.96418,-0.07261
0.96424,-0.077173
0.94052,-0.11938
0.93987,-0.01004
0.99341,-0.0626
0.98508,-0.091955
1.0249,-0.016062
1.0096,0.038776
0.92154,0.071822
0.87289,0.10008
0.79342,0.12134
0.63258,0.19165
0.71974,0.076134
0.91037,-0.07659
0.98324,-0.028792
0.96711,0.04695
1.3288,0.36616
1.6504,0.62167
1.6574,0.81757
1.6526,0.90652
1.672,1.0348
1.6674,1.0614
1.0137,0.0374
0.85647,-0.049271
0.73394,-0.12309
0.74579,-0.16794
0.74121,-0.12207
0.78851,-0.10661
0.9461,-0.12937
1.0969,-0.080112
1.154,0.010957
1.0977,-0.056439
1.1018,-0.050668
1.0849,0.024226
1.0324,0.015904
0.99463,0.0048942
0.95064,-0.013507
0.91707,-0.032513
1.0403,-0.084386
1.1967,-0.1174
1.3861,-0.06685
1.3584,-0.113
1.3435,-0.19532
1.335,-0.12009
1.2849,-0.081683
1.2429,-0.066198
1.1779,-0.13128
1.0564,-0.04099
1.0512,-0.1398
0.98592,-0.13481
0.95738,-0.028825
0.87203,0.041844
0.90371,0.040476
0.94562,0.023619
0.96208,-0.065281
0.96359,0.024724
0.83672,0.15772
0.58415,0.38268
0.51894,0.44473
0.48785,0.47136
0.51379,0.49483
0.54853,0.35053
0.94885,0.0094831
0.96148,0.0070607
1.6172,0.52756
1.6437,0.80083
1.6096,0.93971
1.675,0.99456
1.687,1.1043
1.6937,1.1637
1.6491,1.1854
1.6124,1.1384
1.6575,1.064
1.5745,1.0531
1.2735,0.77604
0.77682,-0.081257
0.7792,-0.12501
0.78998,-0.10677
0.80158,-0.030925
0.8138,-0.059745
0.81389,-0.10501
0.77282,-0.1313
0.93664,-0.16188
1.1785,-0.047057
1.1306,-0.026277
1.0226,-0.04289
0.98589,-0.054322
0.95655,-0.02031
1.2812,-0.11832
1.3131,-0.16747
1.3077,-0.12693
1.1703,-0.11631
1.3779,-0.14556
1.4004,-0.11165
1.0891,0.0063374
1.0977,-0.14526
1.1296,-0.13047
1.1038,-0.16064
1.1474,-0.050417
1.1077,0.044218
1.0657,0.068083
1.1023,0.080844
1.0313,0.029931
0.93994,-0.054711
0.90741,-0.12324
0.88047,-0.045375
0.79065,0.069286
0.67571,0.21433
0.58148,0.34122
0.56532,0.45609
0.5199,0.53497
0.50176,0.54508
0.50107,0.48929
0.5261,0.44666
0.78663,0.12506
1.6492,0.68415
1.5844,1.0103
1.6678,1.0422
1.7652,1.2206
1.7308,1.1798
1.7316,1.1251
1.6532,1.0813
1.4943,1.029
0.8328,-0.047794
0.85134,-0.074386
0.89459,-0.036029
0.83064,-0.089031
0.7684,-0.16673
0.98676,-0.14349
1.1147,-0.056439
1.1384,0.028333
1.0724,-0.040162
1.2162,-0.13098
1.1489,-0.058125
0.99251,-0.070337
0.96298,-0.0056617
0.95064,0.056065
1.3866,-0.16158
1.3435,-0.1313
1.1625,-0.048215
1.2795,-0.10498
1.2466,-0.073675
0.99592,-0.025158
0.9835,-0.061739
1.1256,-0.19299
1.1798,-0.10602
1.1771,-0.12103
1.2725,-0.089743
1.3232,-0.0011339
1.3228,0.031849
1.2795,0.045101
0.82239,0.0012576
0.62467,0.24998
0.54161,0.38553
0.50926,0.47508
0.552,0.36432
0.52131,0.37924
0.53193,0.3223
0.64365,0.23253
1.5657,0.68962
1.6761,0.84922
1.6846,0.96212
1.6773,0.94613
1.6674,0.99641
1.7583,1.0865
1.7713,1.1696
1.7251,1.2079
1.6398,1.113
1.3465,0.79531
0.98091,-0.035983
0.9637,-0.087042
0.97913,-0.049115
0.90199,-0.097608
0.81783,-0.09853
0.88593,-0.12856
0.96127,-0.12231
0.95522,0.0040804
0.9057,-0.075716
1.1629,-0.11988
0.97191,-0.058365
0.93123,-0.042797
0.9687,-0.030902
0.97839,-0.05384
1.0256,-0.047576
1.1049,-0.2045
1.2193,-0.15795
1.2913,-0.10992
1.238,-0.0542
1.203,-0.089702
1.1759,-0.099677
0.92354,-0.03947
1.1967,-0.13246
1.1571,-0.085385
1.1565,-0.12206
1.2275,-0.098831
1.3322,0.04727
1.2852,0.077815
1.1174,-0.001426
0.93552,0.01398
0.63075,0.10592
0.53807,0.12916
0.50998,0.2167
0.58671,0.24552
0.56926,0.31278
0.52905,0.32042
0.5159,0.32745
0.67848,0.12712
1.4668,0.65597
1.6556,0.75551
1.6807,0.92861
1.7536,1.0811
1.7401,1.1375
1.7753,1.1508
1.6843,1.0193
1.5909,0.94974
1.2436,0.6577
0.92005,-0.076179
0.894,-0.045877
0.877,-0.10698
0.88624,-0.17184
0.92413,-0.18731
0.98923,-0.1087
0.98318,-0.042309
0.93541,-0.040285
0.92152,-0.1251
1.0927,-0.086762
1.0455,-0.03014
0.99546,-0.079666
0.97773,0.0060166
1.023,-0.10625
1.1446,-0.18796
1.2181,-0.16243
1.2885,-0.23702
1.2389,-0.13279
0.81769,-0.043315
1.1302,-0.16343
1.0757,-0.13535
1.2898,0.079116
1.3235,0.024811
1.2759,0.01543
1.1045,0.025198
0.62381,0.012742
0.52688,-0.0066557
0.56444,0.081438
0.62864,0.12123
0.62045,0.23286
0.52376,0.31497
0.52051,0.35
0.53316,0.31751
0.50279,0.24587
0.65899,0.13467
1.6513,0.81793
1.5912,0.95573
1.6253,0.9581
1.7376,1.0251
1.6929,1.08
1.7404,1.0777
1.72,1.0945
1.6918,1.0204
1.673,0.98691
1.6698,0.93456
1.5446,0.9114
1.3802,0.79394
0.90915,-0.0080816
0.87549,-0.053834
0.81675,-0.109
0.80666,-0.18002
0.92219,-0.15103
0.9146,-0.054429
0.91625,-0.086101
0.95855,-0.10135
1.1464,-0.10633
1.0754,-0.0086953
0.96024,-0.016013
1.0142,0.068504
1.0004,0.062275
1.0753,-0.15871
1.169,-0.18174
1.2563,-0.14307
1.1064,0.027572
0.81477,0.11605
0.55321,0.070885
0.46087,0.13011
0.64016,-0.045468
0.93858,-0.19529
1.0765,-0.15392
1.097,-0.14467
1.072,-0.091133
1.1702,-0.026809
1.3048,-0.0020621
1.3622,0.00018549
1.3478,0.003649
1.2316,0.011781
0.97098,0.051847
0.48948,0.014664
0.58762,0.053379
0.63738,0.14146
0.65738,0.20672
0.62938,0.31074
0.51297,0.41945
0.44791,0.43528
0.41438,0.3848
0.55519,0.30566
0.67106,0.13884
1.3198,0.59853
1.4871,0.70491
1.5915,0.82873
1.6344,0.87508
1.6174,0.95886
1.6698,0.90828
1.6164,1.0029
1.5998,1.0517
1.7058,1.0597
1.6516,1.096
1.6882,0.9328
1.4959,0.87248
0.77308,-0.078773
0.85167,-0.14799
0.85017,-0.081452
0.8598,-0.10636
0.88507,-0.07529
0.97502,-0.099597
1.0966,0.086979
1.0861,0.085708
1.0581,0.069526
1.0358,-0.02812
1.0457,-0.075061
1.1935,-0.10557
1.0828,0.07174
0.54157,0.21009
0.44914,0.182
1.0437,-0.19277
1.1293,-0.13185
1.1294,-0.051845
1.2057,-0.048014
1.1905,-0.06646
1.2439,-0.082438
1.316,-0.047165
1.3438,-0.0085574
1.2534,-0.00692
1.0129,0.021314
0.74618,0.010166
0.52346,-0.0056836
0.47329,0.072993
0.55649,0.13703
0.60955,0.26328
0.53099,0.3455
0.48511,0.48218
0.4737,0.44266
0.57632,0.37929
1.4668,0.71397
1.6521,0.98552
1.663,0.99097
1.6334,1.0374
1.6823,1.108
1.6575,1.0523
1.6873,1.0135
1.5587,0.9159
1.4206,0.82458
0.79244,-0.056839
0.80471,-0.082951
0.83872,-0.091103
0.87926,-0.081959
0.96501,-0.092918
1.1269,-0.018818
1.1117,-0.12424
1.1639,-0.14965
1.2129,0.03245
1.1302,0.13596
0.75739,0.28503
0.58739,0.26133
0.51059,0.2712
0.78347,-0.14398
1.0179,-0.17212
1.1422,-0.12217
1.2131,-0.088484
1.2336,-0.033308
0.98341,0.023848
0.71581,0.05488
0.45487,0.040566
0.50046,0.13219
0.53594,0.2323
0.48214,0.34805
0.47655,0.41504
0.50412,0.36217
0.517,0.36714
0.62119,0.30678
1.6227,0.96838
1.6577,1.0176
1.6628,0.94997
1.7007,0.98171
1.6754,1.0544
1.6721,1.086
1.6625,1.1614
1.6511,1.2327
1.685,1.0843
1.7065,1.0516
1.7802,1.0234
1.6967,1.0142
1.6624,0.98118
1.6697,0.89931
1.2379,0.72025
0.85111,-0.053245
0.84655,-0.063188
0.82738,-0.071817
0.79761,-0.040082
0.80857,-0.093583
0.82629,-0.12079
1.157,-0.058462
1.1151,-0.12267
1.1115,-0.10497
1.2422,-0.13952
1.1469,0.090665
1.0169,0.088922
1.0026,0.10981
1.1435,0.014223
1.2603,-0.056976
1.2866,0.018721
1.1099,0.1521
0.73942,0.22737
0.57431,0.2715
0.55289,0.21663
1.1836,-0.15695
1.274,-0.1215
1.2955,-0.10446
1.2856,-0.11432
1.3086,-0.086945
1.3055,-0.012703
1.3163,-0.025657
1.3528,0.0018461
0.94486,0.066704
0.6822,0.075533
0.50407,0.1327
0.51558,0.25136
0.50312,0.27445
0.51951,0.29442
0.55687,0.25794
0.58569,0.28595
0.50381,0.32043
0.47877,0.26471
0.58117,0.28341
1.3181,0.56924
1.5429,0.73105
1.6321,0.83413
1.6853,0.97131
1.6568,1.0306
1.7068,1.0637
1.6233,1.1682
1.681,1.0191
1.7456,0.9997
1.7303,1.0433
1.6751,1.0466
1.6552,0.99538
1.5751,0.88593
1.3797,0.85181
1.1529,0.64875
0.8748,-0.046181
0.80708,-0.029039
0.77806,-0.037369
0.77163,-0.095353
0.7728,-0.090343
0.80084,-0.088062
1.1574,-0.1296
1.1028,-0.039505
1.1755,-0.20172
1.2371,-0.051457
1.14,0.07812
1.0724,0.10206
1.0494,0.061807
1.0436,0.077604
1.0668,0.020656
1.1417,-0.10856
1.1789,0.060881
1.0415,0.10963
0.67437,0.17161
0.63763,0.096232
1.1389,-0.16506
1.2265,-0.15043
1.3772,0.070853
1.2176,0.069042
0.95341,0.091009
0.53844,0.077613
0.55507,0.14004
0.54698,0.13508
0.5484,0.17227
0.58735,0.22743
0.56261,0.2109
0.54397,0.22639
0.50767,0.22046
0.49917,0.16953
0.54248,0.2505
0.80741,0.23065
1.6116,0.82361
1.6612,0.91761
1.6714,0.94859
1.6577,1.0139
1.6624,1.0394
1.6986,1.0077
1.6777,0.98201
1.6679,1.0606
1.6118,1.0136
1.6055,1.0044
1.6372,0.95706
1.702,1.02
1.6502,0.97908
1.6448,0.85884
0.80435,-0.030001
0.74995,-0.077501
0.75932,-0.0783
0.76959,-0.085663
0.7844,-0.11923
0.7694,-0.15052
1.1571,-0.18884
1.1321,-0.12625
1.1293,-0.15455
1.1843,-0.19001
1.019,0.061251
1.0226,0.020325
1.0265,0.06455
1.0543,-0.014743
1.0977,-0.099551
1.137,-0.03858
1.1676,-0.030523
1.1308,0.0011592
0.94334,0.074656
0.71422,0.10586
0.79982,-0.036129
1.1326,-0.15778
1.2175,-0.14461
1.2889,-0.14016
1.4104,-0.072028
1.4884,0.10686
1.4358,0.039684
0.54558,0.11048
0.56713,0.21381
0.57269,0.20502
0.60842,0.16355
0.55618,0.15301
0.53637,0.17338
0.52379,0.18583
0.53043,0.37926
0.85546,0.33144
1.3417,0.4735
1.5271,0.53988
1.6257,0.82248
1.6156,0.89047
1.6971,0.99246
1.6536,1.0434
1.6166,1.0769
1.6466,1.0326
1.6615,1.0655
1.6606,1.0153
1.6249,1.0414
1.5573,1.0324
1.656,0.95252
1.6835,0.94026
1.6701,1.0
1.6568,1.0062
1.5876,0.92063
1.6055,0.92596
1.6738,0.86111
1.5879,0.90085
1.3885,0.83219
0.78341,-0.10919
0.75106,-0.070403
0.78364,-0.092329
0.71241,-0.12164
1.1179,-0.14977
1.135,-0.13594
1.1244,-0.11918
1.153,-0.15456
1.1888,-0.20162
1.2344,-0.10941
1.1317,-0.00045205
1.0458,0.029372
1.0514,0.030855
1.0498,-0.035474
1.1319,-0.07415
1.2183,-0.12071
1.1685,-0.069073
1.1317,0.061948
1.0161,0.16273
0.82198,0.1142
0.90287,-0.15501
1.1722,-0.23502
1.2851,-0.15342
1.4062,-0.055722
1.4252,-0.0088431
0.88363,0.13317
0.68849,0.01554
0.57084,0.10263
0.57181,0.10208
0.59706,0.19523
0.58605,0.12507
0.58625,0.096012
0.54222,0.13139
0.52178,0.13573
0.56289,0.28679
0.64775,0.36481
0.77111,0.37125
1.2611,0.46751
1.3844,0.51946
1.5544,0.58951
1.6934,0.86532
1.647,1.0267
1.6319,1.0456
1.5702,1.0176
1.5342,0.9996
1.534,0.99798
1.5646,0.92229
1.5829,0.86695
1.6119,0.97001
1.6442,1.0348
1.6173,1.0213
1.5704,0.98148
1.6276,0.96317
1.6266,0.98786
1.5766,0.98601
0.82115,-0.1149
0.82143,-0.105
0.76864,-0.13786
1.134,-0.19218
1.1605,-0.13523
1.1581,-0.10937
1.1519,-0.1824
1.1506,-0.18357
1.1515,-0.069385
1.0323,0.0098356
1.0568,0.022487
1.2062,-0.1236
1.1858,-0.014646
0.64915,0.041905
1.0254,-0.091184
1.0453,-0.10248
1.3214,-0.029102
1.3043,0.12861
0.99348,0.14162
0.76938,0.1086
0.57071,0.098059
0.52474,0.19983
0.58746,0.20495
0.64358,0.24166
0.7033,0.2636
0.8341,0.17905
1.2689,0.23607
1.4462,0.39377
1.3926,0.5927
1.445,0.61018
1.5953,0.67908
1.6491,0.83343
1.6161,1.005
1.6487,1.0204
1.6506,1.0672
1.6603,1.067
1.6136,1.0475
1.5406,1.0212
1.5292,0.96262
1.5965,1.0632
1.5834,1.1039
1.6506,1.073
1.6516,1.0771
1.663,1.0855
1.6089,1.0449
1.5263,1.023
1.3691,0.89074
0.80228,0.035492
0.81886,-0.073607
1.1571,-0.11658
1.2056,-0.18266
1.2142,-0.18937
1.1848,-0.14752
1.1161,-0.15384
1.0976,-0.23943
1.1427,-0.22474
1.1155,-0.074179
1.0121,-0.05989
1.038,-0.03665
1.0126,-0.03343
1.1031,-0.1273
1.1595,-0.056678
0.97628,0.047784
0.68013,0.17781
0.5515,0.056691
0.68953,-0.053015
0.97801,-0.052162
1.1492,-0.063475
1.3018,-0.0035434
1.4553,0.013167
1.4626,0.15167
1.3073,0.15335
1.1222,0.13755
0.73539,0.044606
0.63782,0.23382
0.62297,0.2042
0.70011,0.23023
0.92377,0.20731
1.0747,0.12955
1.4502,-0.019934
1.6671,0.2408
1.6838,0.53046
1.4042,0.69159
1.2835,0.6673
1.3083,0.58138
1.4383,0.64142
1.5917,0.77686
1.6222,0.99982
1.6467,1.0262
1.5605,1.0106
1.5188,1.0174
1.4959,0.97798
1.5312,0.93445
1.5284,0.9526
1.6062,1.0906
1.6633,1.0519
1.6518,1.1013
1.6602,0.9906
1.5388,0.98276
1.5609,0.91169
1.4634,0.82034
0.84562,-0.029596
0.85624,-0.10132
0.86925,-0.039225
0.81734,-0.056442
1.2382,-0.18363
1.2126,-0.12814
1.1212,-0.2122
1.1024,-0.2641
1.0708,-0.082108
1.0277,-0.0029512
1.0192,-0.029115
0.81822,-0.13672
1.1111,-0.062106
1.1808,-0.023821
1.2758,-0.014521
1.3581,0.06261
1.4159,0.086335
1.509,0.10328
1.3443,0.046256
1.1965,0.07828
0.75137,0.29574
0.84707,0.26704
1.0164,0.18827
1.2877,0.13264
1.453,0.090487
1.5758,-0.026905
1.5349,-0.10667
1.509,0.0082388
1.5576,0.24843
1.5763,0.56002
1.5473,0.70077
1.3996,0.75472
1.2791,0.80983
1.3139,0.74909
1.5353,0.88945
1.565,0.98787
1.551,1.0276
1.5186,0.98597
1.5592,0.95272
1.4955,0.94251
1.5199,1.0095
1.5777,1.0037
1.6399,1.045
1.6077,1.0843
1.6026,1.1079
1.641,1.045
1.6592,1.0092
1.6033,0.9332
1.5925,0.86063
1.2032,0.57984
0.84915,-0.074173
1.1893,-0.22107
1.2201,-0.19969
1.1921,-0.12328
1.1215,-0.12241
1.0981,-0.15226
1.114,-0.20559
1.117,-0.088326
0.99973,-0.021013
0.99035,-0.012011
0.93217,-0.022033
0.9028,-0.13016
0.96143,-0.11661
0.82836,-0.0086413
0.68787,-0.10761
1.2183,-0.1429
1.2621,-0.045874
1.2236,0.10138
0.97771,0.19256
0.94128,0.088872
1.0125,0.22642
1.3632,0.2679
1.4722,0.21416
1.5247,0.14964
1.6239,0.15383
1.5285,0.083433
1.44,0.18997
1.2832,0.3471
1.2563,0.46381
1.4697,0.78486
1.2988,0.86203
1.3368,0.79905
1.5116,0.94309
1.5157,1.0011
1.4716,1.0249
1.5054,0.98871
1.5506,1.0088
1.5717,1.0042
1.5258,0.88921
1.5415,0.92544
1.6558,0.98007
1.5912,0.94517
1.615,0.93839
1.634,0.85061
1.6164,0.7534
1.5458,0.73761
1.184,0.55109
1.1449,-0.20958
1.1529,-0.12846
1.1394,-0.045272
1.1295,-0.11254
1.1008,-0.14926
1.1206,-0.16301
1.1481,-0.06441
1.0872,-0.010768
1.0149,0.010133
1.0214,-0.03059
1.0413,-0.060963
0.87597,-0.13196
0.83578,-0.083409
0.65205,0.038438
0.67305,-0.14658
1.1879,-0.23082
1.154,-0.11567
1.1766,-0.08494
1.3003,-0.12849
1.4364,-0.095897
1.485,0.047591
1.4642,-0.09085
1.3321,0.29416
1.3941,0.21921
1.4399,0.32926
1.4136,0.37945
1.5406,0.41017
1.4672,0.47361
1.4644,0.66402
1.4874,0.65839
1.524,0.7632
1.5136,0.85163
1.5083,0.96047
1.467,0.86851
1.5149,0.94409
1.5414,0.99473
1.4894,0.97885
1.4352,0.97082
1.5251,0.89918
1.5046,0.92436
1.5044,0.87099
1.5128,0.84212
1.6009,0.87392
1.6053,0.97404
1.5703,1.0279
1.6572,1.0019
1.601,0.9443
1.6503,0.95562
1.6144,0.78366
1.4863,0.74813
1.3288,0.68359
1.1799,-0.1221
1.1349,-0.13935
1.0674,-0.14118
1.0075,-0.08543
1.0241,-0.074692
1.0679,-0.078003
1.0571,0.064244
0.97556,0.0088074
1.006,0.0026897
0.89556,-0.087815
0.81636,-0.018585
0.69686,-0.11353
0.79196,-0.29222
1.0565,-0.1773
1.1898,-0.11534
1.4746,-0.095432
1.5452,-0.0060769
1.5162,-0.0033424
1.5174,-0.11718
1.4458,-0.045938
1.5796,0.32735
1.5376,0.36943
1.4207,0.58888
1.2879,0.66978
1.3344,0.73274
1.3956,0.91002
1.5231,0.85344
1.4919,0.94865
1.4429,0.9302
1.5086,0.95126
1.4931,0.98839
1.4472,0.91404
1.4119,0.88589
1.4222,0.87242
1.4449,0.80155
1.4666,0.74064
1.4784,0.75085
1.5345,0.8709
1.5507,0.94784
1.5901,0.96347
1.6134,0.9956
1.6119,0.98289
1.6689,0.98164
1.6914,0.95695
1.6354,1.0121
1.6153,0.92009
1.6616,0.8819
1.6787,0.78522
1.6355,0.79551
1.068,-0.1032
0.91366,-0.062618
1.0097,-0.10586
1.0106,-0.067396
0.94506,-0.03327
0.98937,-0.071408
1.1638,0.090613
1.0099,-0.10127
1.0218,-0.071424
0.99991,-0.16414
0.90133,-0.035251
0.92008,-0.19517
1.2062,-0.17389
1.3036,-0.057704
1.4269,-0.070856
1.6116,-0.053491
1.6566,0.0014927
1.6114,-0.034591
1.5313,-0.044652
1.4144,0.035681
1.5513,0.28673
1.5751,0.35754
1.4266,0.53016
1.2416,0.88387
1.2678,0.86795
1.3107,0.85257
1.3434,0.87256
1.4374,0.96698
1.4809,0.9466
1.4286,0.94709
1.4215,0.95496
1.3095,0.94022
1.2842,0.9623
1.3042,1.0001
1.3742,0.76948
1.3189,0.60522
1.3398,0.54754
1.3739,0.57505
1.4243,0.58122
1.5443,0.69787
1.633,1.0222
1.6439,1.0208
1.6087,0.99455
1.6346,0.98572
1.607,0.9047
1.6321,0.89348
1.6365,0.92296
1.6008,0.88497
0.92743,-0.12302
0.91596,-0.10065
0.86653,-0.054217
0.83963,-0.062788
0.8241,-0.0515
0.87362,-0.10766
0.8911,-0.094183
0.90901,0.025438
0.92105,-0.028027
1.0198,-0.059735
1.156,0.0027947
1.195,-0.0030547
1.2352,-0.098993
1.233,-0.091144
1.2333,-0.073952
1.1531,-0.070335
1.0468,-0.12965
1.4094,-0.095992
1.5272,-0.099604
1.6583,-0.078402
1.6944,0.054812
1.6803,0.034242
1.563,0.11031
1.5071,0.32124
1.6181,0.39365
1.5819,0.48689
1.4471,0.64946
1.3743,0.89161
1.268,0.90809
1.2868,0.91448
1.3281,0.92593
1.3787,0.96638
1.305,0.98022
1.3031,0.96347
1.2619,0.95229
1.3054,0.98523
1.4551,0.97098
1.4942,1.0604
1.4246,0.96259
1.3911,0.80342
1.4925,0.80428
1.5093,0.89433
1.6242,1.0367
1.6384,0.97278
1.6611,0.89165
1.505,0.89006
0.91509,-0.11677
0.85358,-0.10168
0.84465,-0.096077
0.87804,-0.090795
0.88264,-0.14785
0.87454,-0.08096
0.8834,-0.11305
0.91322,-0.074159
0.92284,-0.034869
0.95436,-0.075523
0.9238,-0.037826
1.1373,-0.096312
1.3049,-0.16558
1.1977,-0.10594
1.0765,-0.030833
1.1394,-0.10998
1.3058,-0.14784
1.4607,-0.11944
1.5552,-0.10675
1.5928,-0.014128
1.6207,0.15041
1.6021,0.29141
1.5447,0.39536
1.5361,0.52903
1.4751,0.64512
1.4489,0.94465
1.2108,0.95524
1.1986,0.89782
1.1722,0.81993
1.129,0.73213
1.167,0.78182
1.2519,0.82817
1.3269,0.8813
1.315,0.87278
1.2892,0.90773
1.2544,0.98479
1.2371,0.99087
1.2087,1.0358
1.1471,1.0424
1.1815,1.0049
1.2181,0.97139
1.2731,1.0015
1.4328,0.97883
1.5419,0.99298
1.5417,1.099
1.5389,1.0319
1.4626,0.81386
1.5695,0.84538
1.6454,1.0315
1.6531,0.93561
1.6633,0.90046
1.6442,0.90158
1.616,0.88186
0.85924,-0.15478
0.88453,-0.16113
0.89605,-0.15485
0.88097,-0.12479
0.91074,-0.11413
0.91662,-0.097195
0.98502,-0.043812
1.3491,-0.13166
1.032,-0.072356
1.1208,-0.14671
1.2686,-0.24942
1.4191,-0.22371
1.6047,0.087804
1.6483,0.29373
1.551,0.58815
1.46,0.70163
1.4289,0.9149
1.0821,0.8879
0.99662,0.78652
1.0209,0.72312
1.0807,0.72211
1.1458,0.69074
1.1242,0.86332
1.2412,1.0192
1.0798,0.92434
1.1594,0.93157
1.4798,0.94167
1.5709,0.93309
1.6314,0.97365
1.5901,0.72109
1.6091,0.59395
1.5043,0.65607
1.4058,0.49497
1.5724,0.85796
1.6284,0.93058
1.6564,0.87925
1.6612,0.8409
1.6796,0.83943
1.6592,0.87484
1.6434,0.86705
0.85916,-0.21554
0.88937,-0.16581
0.86011,-0.10546
0.90736,-0.090853
0.9292,-0.021053
1.0397,-0.0033285
1.0318,-0.028369
1.0192,-0.012486
0.99277,-0.10846
1.1094,-0.22906
1.1499,-0.14919
1.0841,-0.090131
1.1358,-0.10524
1.0388,-0.073161
1.2701,-0.25017
1.3946,-0.14446
1.6755,0.10307
1.5266,0.53102
1.3586,0.65497
1.2345,0.95954
1.0483,0.98119
0.92881,0.76395
0.98039,0.72623
0.9544,0.72611
0.93279,0.71705
1.1122,0.60391
1.1049,0.84862
1.1109,0.93379
1.0666,0.91988
1.0859,0.91853
1.0204,0.90077
1.2401,0.83689
1.5239,0.85653
1.559,0.86589
1.5637,0.73821
1.4745,0.83783
1.5575,0.76224
1.5974,0.86233
1.6239,0.94264
1.6195,0.92978
1.6335,0.90643
1.6507,0.90037
1.663,0.91438
0.82127,-0.19552
0.84433,-0.19881
0.90001,-0.17102
0.89064,-0.14833
0.87597,-0.086623
0.83893,-0.089389
0.87601,-0.085901
0.95466,-0.043648
1.0208,-0.077905
1.0772,-0.083461
1.2389,-0.098022
1.3247,-0.058794
1.3299,-0.25497
1.1481,-0.043577
0.8791,0.055832
0.90577,-0.015153
0.9955,-0.058902
1.107,-0.15441
1.3944,-0.11173
1.5377,0.28623
1.236,0.7143
1.195,0.87774
1.2009,0.94559
1.1383,0.95547
0.86583,0.80199
0.91368,0.72856
0.91859,0.76215
1.1577,0.79698
1.2011,0.84322
1.1152,0.92845
1.0854,0.91425
1.0743,0.86438
1.1073,0.86159
1.1202,0.86616
1.1811,0.77547
1.2622,0.77978
1.3748,0.82266
1.4036,0.75887
1.4089,0.67319
1.5207,0.84887
1.5946,0.83166
1.4971,0.83825
1.3404,0.66002
1.468,0.73826
1.5903,0.83488
1.6285,0.97621
1.5612,0.9818
1.5979,0.90885
1.6466,0.90561
1.579,0.86509
1.5594,0.81935
0.79936,-0.12202
0.79749,-0.15611
0.89245,-0.15491
0.925,-0.12508
0.91625,-0.030423
0.95725,-0.027236
0.99468,-0.051427
1.067,-0.036033
1.1878,-0.078382
1.3035,-0.14149
1.3357,-0.14041
1.3947,-0.12997
0.82485,0.047299
0.89739,0.0033546
0.88324,-0.10611
0.88184,-0.049669
0.9883,-0.067081
1.2097,-0.14072
1.3912,-0.14533
1.5113,0.2262
1.4323,0.70959
1.2779,0.84985
1.1034,0.9128
1.0503,0.84562
1.1045,0.92707
0.95709,0.89156
0.89154,0.84515
0.90038,0.7666
0.97892,0.74466
1.0551,0.8229
0.93102,0.75955
0.96029,0.62587
1.131,0.70191
1.2425,0.76599
1.245,0.85631
1.1915,0.91685
1.1334,0.97426
1.0679,0.98086
1.0563,0.88643
1.1594,0.8953
1.1849,0.88113
1.1869,0.87948
1.1919,0.84971
1.2588,0.8129
1.3674,0.81157
1.4373,0.88591
1.5669,0.85875
1.569,0.8783
1.388,0.79362
1.4867,0.80622
1.5515,0.92239
1.5479,0.96625
1.5996,0.9302
1.6286,0.88464
1.5761,0.8392
1.5258,0.85068
1.2019,0.61827
0.86698,-0.13132
1.0055,-0.14801
1.3594,-0.060678
1.3589,-0.15021
1.4359,-0.17671
1.4787,-0.13929
1.4913,-0.2032
1.4086,-0.17675
1.3072,-0.18906
1.0076,0.089679
0.75716,0.037947
0.85758,-0.04188
0.93907,-0.081686
1.1891,-0.18609
1.4241,-0.050692
1.4632,0.19605
1.4282,0.45432
1.1404,1.0496
1.0409,0.94448
0.97321,0.8312
0.92133,0.84418
0.88565,0.83845
0.86753,0.76246
0.87023,0.72861
0.91817,0.68306
1.0219,0.68953
1.1342,0.6925
0.99823,0.74232
0.92481,0.65529
0.92419,0.62499
0.99282,0.66952
1.0954,0.83325
1.1638,0.89519
1.1776,0.93854
1.1195,0.94871
1.1721,0.91549
1.2394,0.83605
1.2347,0.86425
1.2086,0.92705
1.269,0.9072
1.3022,0.86079
1.3861,0.89111
1.6168,0.96217
1.575,0.83128
1.3976,0.76685
1.2684,0.59614
1.3824,0.83467
1.5303,0.8166
1.5615,0.7759
1.4752,0.78866
1.363,0.76483
1.2595,0.71213
1.1914,0.59341
1.1271,0.44874
0.79379,0.15132
1.15,-0.18819
1.1901,-0.1036
1.3516,-0.12843
1.4898,-0.12521
1.447,-0.034976
1.4078,-0.07403
1.3876,-0.17822
1.4633,-0.15025
1.4657,-0.14517
1.4509,-0.15172
1.4073,-0.19891
1.2873,-0.13653
1.0258,0.034568
0.88956,0.0271
0.79915,-0.0020759
0.79088,-0.063735
0.77719,-0.022469
1.1839,-0.10934
1.39,0.17427
1.4161,0.99393
1.4287,1.0838
1.2604,1.1267
1.096,1.0518
0.87072,0.74642
0.81063,0.62932
0.86862,0.54891
0.96398,0.57523
1.1421,0.64791
1.2242,0.74444
1.1849,0.76233
1.0742,0.73746
0.95294,0.7356
0.97052,0.68937
1.0415,0.78337
1.1145,0.84023
1.1891,0.86432
1.1817,0.90981
1.1595,0.9103
1.1846,0.84513
1.2593,0.87587
1.2759,0.90281
1.3984,0.99601
1.5498,0.95363
1.5769,0.925
1.5852,0.87558
1.3139,0.69076
0.79516,0.92897
1.1337,0.82788
1.4057,0.72267
1.4131,0.83211
1.3705,0.75775
1.203,0.7229
1.1685,0.564
1.2022,0.49727
1.1905,0.41234
0.8259,0.12922
0.79897,0.13204
0.75938,0.20404
0.77431,0.14158
1.3598,-0.19569
1.3574,-0.16664
1.482,-0.20183
1.5057,-0.12418
1.455,-0.10357
1.45,-0.13804
1.4186,-0.17526
1.4094,-0.17809
1.444,-0.13103
1.4302,-0.21242
1.3206,-0.13361
1.1006,-0.095834
0.95515,0.016227
0.87836,-0.020151
1.0812,-0.096951
1.4377,0.34667
1.3819,0.92417
1.1352,1.0976
0.79424,0.59891
0.75967,0.56523
0.89096,0.44433
1.0916,0.51237
1.2747,0.56129
1.0934,0.69896
1.0432,0.66156
1.0916,0.73149
1.1534,0.82052
1.2037,0.82118
1.2299,0.80206
1.1969,0.82017
1.1766,0.79111
1.2589,0.83306
1.3038,0.92218
1.2913,0.95057
1.2595,0.97523
1.4342,0.86209
1.537,0.87787
1.6101,0.88614
1.507,0.82774
1.4401,0.72574
1.3705,0.71216
0.52817,1.2138
0.19276,1.324
0.092077,1.3916
0.04169,1.4271
0.18759,1.2829
0.41501,1.0601
0.78505,0.85238
1.1316,0.67241
1.3545,0.73181
1.2891,0.65696
1.259,0.42996
1.2706,0.39984
0.65149,0.28646
0.55264,0.31436
0.51536,0.29094
0.59438,0.27852
0.66146,0.16915
1.4003,-0.24137
1.4228,-0.24336
1.4331,-0.24478
1.4809,-0.17682
1.4945,-0.18473
1.4157,-0.17683
1.3538,-0.11075
1.3702,-0.1502
1.4268,-0.22732
1.3623,-0.12917
1.0726,-0.024629
1.0115,-0.10707
1.1476,-0.15682
1.3069,-0.20682
1.4821,0.24765
1.5334,0.52273
1.4001,0.87656
1.2296,1.0603
1.1415,1.0874
1.0125,1.0591
0.8327,0.77139
0.81344,0.70838
0.76945,0.64468
0.7046,0.59072
0.98531,0.53814
1.0848,0.59255
1.1117,0.6301
1.1778,0.62407
1.1454,0.72072
1.319,0.75099
1.3679,0.76064
1.3827,0.84423
1.3561,0.73197
1.3147,0.7992
1.2723,1.0034
1.2368,1.0352
1.3046,0.94565
1.3411,0.82233
1.4272,0.73301
1.6002,0.88129
1.5918,0.9022
1.611,0.86388
1.5846,0.83339
1.5319,0.80752
1.4876,0.87656
1.5288,0.91204
1.4192,0.96707
0.48858,1.4498
0.077423,1.5176
0.12077,1.3813
0.25334,1.1404
0.55431,0.96849
1.3486,0.66089
1.3437,0.51275
1.3366,0.45933
1.3166,0.43939
1.1955,0.33823
0.47547,0.38022
0.39781,0.48188
0.43283,0.38641
0.54047,0.19866
1.3779,-0.29864
1.3792,-0.23646
1.3852,-0.22231
1.3831,-0.21256
1.3996,-0.18982
1.4104,-0.10206
1.4124,-0.070923
1.3194,-0.15493
1.2897,-0.18923
1.3262,-0.28439
1.42,-0.13644
1.3582,-0.12848
1.2222,-0.17026
1.3263,-0.15767
1.3901,0.040183
1.3975,0.2508
1.289,0.99342
1.1399,0.98247
1.1051,0.99144
1.0356,0.95606
0.93578,0.92164
0.81729,0.75758
0.79655,0.71178
0.85149,0.59835
0.9224,0.62857
0.93691,0.62016
0.98461,0.62045
1.0121,0.68044
1.0713,0.66226
1.1183,0.71774
1.1677,0.78048
1.2693,0.78025
1.415,0.77679
1.4344,0.80553
1.3782,0.81736
1.3468,0.76402
1.3835,0.79795
1.4001,0.85069
1.3715,0.83111
1.3604,0.91942
1.2302,1.0048
1.2261,0.7785
1.3334,0.73921
1.4988,0.87898
1.6193,0.87842
1.6262,0.83839
1.62,0.87506
1.4184,1.087
0.4812,1.3652
0.40781,1.2446
0.21604,1.3367
0.05429,1.3442
0.10176,1.3472
0.36862,1.0857
0.70092,0.87687
1.0182,0.64172
1.2153,0.49161
1.2941,0.51073
1.2859,0.52594
0.99511,0.37825
0.76829,0.44517
0.57968,0.34807
0.49877,0.40783
0.4649,0.42914
0.56275,0.2165
1.3332,-0.21164
1.3091,-0.21668
1.3131,-0.19732
1.2964,-0.17029
1.3314,-0.15445
1.3702,-0.223
1.3974,-0.20006
1.3931,-0.1953
1.4452,-0.16288
1.5103,-0.19321
1.4831,-0.12848
1.3602,-0.12371
1.2782,-0.21308
1.2998,-0.28591
1.4122,-0.2553
1.366,-0.14374
1.3832,0.19797
1.4053,0.49936
1.3862,0.73529
1.1164,0.95306
1.0469,0.93929
0.95784,0.90166
0.95883,0.93834
0.96948,0.88652
0.89303,0.78161
0.83271,0.77592
0.87321,0.71729
0.88737,0.69802
1.0877,0.78481
1.0922,0.77311
1.1039,0.76377
1.2,0.77592
1.3538,0.7966
1.3783,0.75896
1.3462,0.71432
1.4039,0.70427
1.4393,0.8261
1.4133,0.86637
1.4455,0.85125
1.4522,0.89373
1.4061,0.93335
1.3333,1.0095
1.226,1.0299
1.1045,0.88178
1.134,0.87686
1.22,0.85889
1.4535,0.84216
1.51,0.80359
1.5649,0.77415
1.6476,0.85973
1.6334,0.91004
1.6489,0.94748
1.3831,1.1185
0.98227,1.185
0.58093,1.2199
0.073627,1.4063
-0.02888,1.4744
0.18616,1.1954
0.42806,0.9387
0.72389,0.69257
1.1352,0.52126
1.1942,0.26511
1.0859,0.26406
0.92581,0.33888
0.72086,0.25286
0.65121,0.3475
0.61535,0.29363
0.61779,0.15568
1.3611,-0.25044
1.3258,-0.1731
1.3169,-0.17265
1.5686,-0.19478
1.5095,-0.1869
1.4004,-0.19553
1.4033,-0.25104
1.319,-0.15003
1.4053,-0.1279
1.3354,-0.047584
1.2828,0.20667
1.3331,0.51795
1.1392,0.98055
0.92724,0.80295
1.0549,0.87141
0.90133,0.80813
0.86226,0.74646
0.93044,0.688
0.98331,0.69914
1.0889,0.72844
1.0758,0.85536
1.0375,0.82724
1.0579,0.76419
1.1303,0.75555
1.2033,0.76519
1.2182,0.70304
1.0937,0.61045
1.2795,0.63332
1.3915,0.64861
1.4645,0.67794
1.4222,0.75963
1.4566,0.84729
1.4731,0.85013
1.454,0.90944
1.2337,0.9435
1.3538,0.88401
1.4137,0.7691
1.5662,0.96464
0.44585,1.3344
0.021168,1.426
0.011897,1.4663
0.0064144,1.4752
-0.021065,1.4137
-0.00088997,1.3482
0.043162,1.2005
0.23928,1.0104
1.0566,0.451
1.1775,0.46196
0.96186,0.28839
0.80281,0.09211
0.79775,0.1641
0.76579,0.17183
0.76794,0.078345
1.4108,-0.20385
1.3277,-0.14838
1.4739,-0.10574
1.5565,-0.12703
1.4426,-0.2094
1.3863,-0.16419
1.3759,-0.17322
1.3584,-0.23704
1.2824,-0.17038
1.2965,-0.19998
1.3799,-0.21398
1.3898,-0.096618
1.3516,0.1356
1.2772,1.0059
1.1282,1.0519
0.95447,0.95674
0.8937,0.84953
0.87873,0.77329
0.8989,0.80955
0.98326,0.87345
0.9529,0.83859
0.9127,0.75536
0.90387,0.64967
0.9508,0.71651
0.9845,0.74563
1.0344,0.83911
1.0529,0.84754
1.0421,0.76401
1.0904,0.71414
1.1067,0.57108
1.2968,0.58637
1.2911,0.72431
1.2178,0.64148
1.277,0.64027
1.4033,0.65354
1.4221,0.9559
1.2756,1.0259
1.2951,0.98107
1.2676,0.85951
1.4186,0.78982
1.5383,0.79091
1.6043,0.68984
1.6326,0.90316
1.5642,0.91585
1.0494,1.051
0.12355,1.2907
0.00013216,1.3052
0.069628,1.2319
0.18355,1.1212
0.64356,0.64802
1.1001,0.33424
0.91142,0.49684
0.79601,0.45958
0.75206,0.33418
0.97144,0.13312
1.0504,0.061809
0.98685,0.073294
0.87466,0.066136
0.83425,0.022858
1.2943,-0.22613
1.2917,-0.15718
1.3172,-0.14922
1.4503,-0.12582
1.3664,-0.11923
1.3451,-0.14236
1.4024,-0.20643
1.2951,-0.21324
1.3597,-0.20364
1.3378,-0.18815
1.3666,-0.14039
1.3614,0.057042
1.2935,0.39123
1.1429,0.98579
0.96049,0.9508
0.87916,0.80113
0.9125,0.77005
0.95066,0.79052
1.0038,0.78078
0.98377,0.90036
0.96847,0.78755
0.89704,0.63956
0.89761,0.58368
0.94807,0.68282
0.99001,0.69727
1.029,0.75416
1.1327,0.72677
1.1215,0.78272
1.0764,0.76175
1.1072,0.60456
1.1556,0.49984
1.1495,0.48064
1.2033,0.428
1.2352,0.48903
1.011,0.58281
1.0124,0.52612
1.3549,0.99165
1.2246,0.95247
1.1575,0.84822
1.1784,0.77043
1.3336,0.78183
1.4146,0.80039
1.5648,0.78625
1.609,0.886
1.6767,0.90158
1.6094,0.84703
1.2743,0.83665
0.9583,0.87293
0.73633,0.94784
0.49417,0.99027
0.14848,1.2424
0.37869,1.0266
0.6586,0.60536
0.82034,0.4173
0.92175,0.36795
0.69349,0.3377
1.2366,-0.048411
0.96213,0.063813
1.32,-0.20743
1.3316,-0.20802
1.3155,-0.17273
1.2681,-0.16524
1.3005,-0.171
1.3718,-0.20029
1.4712,-0.22064
1.4226,-0.16787
1.3641,-0.1077
1.3501,-0.20959
1.397,-0.21384
1.3632,-0.13736
1.3399,-0.16725
1.4074,-0.14532
1.4057,-0.1269
1.3698,-0.017004
1.3116,0.2304
1.3633,0.50622
1.3078,0.76182
1.1312,0.98888
0.98205,0.99934
0.85368,0.96247
0.9319,0.84091
0.98497,0.83716
1.0436,0.78768
1.044,0.84695
0.88736,0.60962
1.0837,0.69758
1.094,0.73854
1.1597,0.65737
1.3995,0.67289
1.4132,0.68399
1.0726,0.76576
1.1151,0.71438
1.2302,0.57266
1.2715,0.37377
1.2139,0.41208
0.93676,0.57446
1.3871,0.75962
1.3364,0.86411
1.2727,0.82606
1.3604,0.81593
1.5133,0.70829
1.5383,0.72666
1.582,0.78882
1.1037,0.84317
1.2065,0.69164
1.1178,0.61885
0.98158,0.71561
0.852,0.84666
0.716,0.81311
0.63635,0.65376
0.56023,0.56544
0.63292,0.41434
0.75233,0.43998
0.81142,0.40098
0.70848,0.47099
0.57405,0.64033
0.72345,0.44592
0.9357,0.19481
1.1497,-0.011175
1.3279,-0.17756
1.2729,-0.23061
1.3779,-0.25102
1.4736,-0.23679
1.3935,-0.1597
1.3334,-0.14542
1.3799,-0.12884
1.3894,-0.0086982
1.4032,0.2689
1.3684,0.58647
1.3457,0.9224
1.2359,1.0618
0.96945,0.97286
0.88921,0.90997
0.86528,0.86747
0.90198,0.85953
0.9305,0.85606
0.96852,0.82158
1.0331,0.8267
0.97848,0.78439
0.89806,0.71061
0.87726,0.62193
0.90491,0.63825
0.94213,0.58699
1.0032,0.59957
1.0699,0.68163
1.229,0.68494
1.2679,0.78239
1.1906,0.80033
1.0904,0.70615
1.0967,0.55246
1.1173,0.46934
1.1642,0.44061
1.1073,0.54317
0.95004,0.5183
0.81786,0.42663
1.1329,0.57619
1.3128,0.89849
1.3767,0.87447
1.4048,0.88521
1.3696,0.78164
1.4054,0.74456
1.4713,0.67546
1.5099,0.69367
1.462,0.75875
1.1508,0.75763
1.0547,0.55453
1.0737,0.44931
1.2624,0.45637
1.0357,0.62503
0.89635,0.67089
0.65089,0.67611
0.6165,0.62158
0.60531,0.55142
0.61887,0.48081
0.63684,0.43783
0.65661,0.50023
0.69333,0.42307
0.81216,0.43825
0.69949,0.61428
0.65817,0.59763
0.82018,0.14874
1.1043,0.097432
1.1741,0.050104
1.2084,-0.026027
1.2458,-0.17872
1.2743,-0.16077
1.2914,-0.20753
1.3293,-0.20353
1.5099,-0.25077
1.3817,-0.21649
1.3062,-0.1494
1.4198,-0.14772
1.3498,0.37018
1.3856,0.69327
1.2977,0.99075
1.1359,1.0564
1.0058,0.99453
0.93649,0.96595
0.92847,0.98737
0.88157,0.91077
0.87555,0.84038
0.90199,0.82298
0.90624,0.78368
0.83699,0.74961
0.87926,0.70073
0.95773,0.62345
1.0166,0.62096
1.1074,0.76224
1.1846,0.64646
1.2256,0.71532
1.0289,0.51393
1.129,0.4404
0.96782,0.61959
1.4045,0.76955
1.5362,0.87755
1.4605,0.77292
1.5611,0.70066
1.5458,0.67642
1.4964,0.70324
1.4546,0.7368
1.4524,0.70943
1.261,0.69313
0.98263,0.38289
1.0756,0.55298
0.9024,0.63566
0.74409,0.63066
0.71658,0.58808
0.71383,0.55584
0.62024,0.59415
0.72331,0.40898
0.72073,0.53314
0.64485,0.58101
0.70048,0.47969
0.9019,0.24688
1.1155,0.098167
1.2084,0.016008
1.1734,0.029796
1.2176,-0.095453
1.2004,-0.11825
1.4874,-0.20758
1.5597,-0.19015
1.4905,-0.19246
1.3716,-0.15844
1.3257,-0.16767
1.3428,-0.17963
1.3233,-0.14469
1.3358,-0.098076
1.4104,-0.12457
1.396,-0.10607
1.3476,0.050885
1.2487,0.23648
1.2206,0.53533
1.0663,0.99806
0.9543,0.90702
0.95808,0.91757
0.90602,0.90167
0.9158,0.86223
0.92001,0.84801
0.88565,0.78832
0.93455,0.64189
0.92861,0.58765
1.0466,0.73621
1.0947,0.62562
1.0799,0.59354
1.0911,0.52438
1.0879,0.52178
1.1081,0.56287
1.0251,0.48728
0.98968,0.52346
1.0581,0.61185
1.198,0.6865
1.3004,0.7401
1.5239,0.76119
1.5821,0.79155
1.6296,0.77112
1.6511,0.8612
1.5548,0.864
1.5187,0.86049
1.5337,0.77423
1.5417,0.69291
1.5859,0.68041
1.5899,0.69236
1.5467,0.63178
1.5577,0.6532
1.5129,0.67015
1.4772,0.6323
1.1646,0.51599
1.2216,0.36348
1.274,0.35752
0.96993,0.51035
0.38584,0.70825
0.47642,0.54164
0.75562,0.43113
0.81418,0.45288
0.7008,0.55561
0.81409,0.42641
1.2793,-0.092855
1.2897,-0.11304
1.3186,-0.15907
1.3448,-0.23517
1.5975,-0.22835
1.6259,-0.22398
1.5089,-0.15846
1.388,-0.19392
1.3085,-0.16484
1.3275,-0.19512
1.3066,-0.13116
1.3009,-0.078745
1.3428,-0.073343
1.3732,-0.048823
1.4565,-0.02972
1.2952,0.43361
1.2845,0.69108
1.1354,0.97497
1.0169,1.0719
0.9623,0.96876
0.91806,0.88118
0.92652,0.90218
0.94244,0.92581
1.0313,0.92654
1.0395,0.84555
0.96202,0.83296
0.96801,0.72797
0.95336,0.64767
0.89532,0.66134
0.91381,0.59362
1.0407,0.59038
1.0064,0.56505
0.9712,0.54352
1.0321,0.4921
1.087,0.54461
1.0708,0.65756
1.1921,0.5983
1.3408,0.73356
1.3485,0.80239
1.3394,0.85921
1.5133,0.70061
1.5312,0.71812
1.5463,0.77436
1.5344,0.9036
1.5172,0.76068
1.4913,0.67196
1.6047,0.64349
1.5754,0.59662
1.469,0.57701
1.4809,0.44335
1.5267,0.26314
1.4529,0.24958
1.2121,0.43436
0.88528,0.66114
0.67628,0.71889
0.90417,0.46808
0.74921,0.59247
0.71315,0.54375
0.86354,0.33719
1.0805,0.19442
1.1392,0.11616
1.3158,-0.14941
1.3228,-0.14502
1.4777,-0.22801
1.5879,-0.23618
1.5428,-0.18251
1.3775,-0.0948
1.2932,-0.20135
1.3276,-0.16556
1.316,-0.13015
1.3613,-0.049611
1.3822,-0.054871
1.3826,-0.020007
1.44,0.13357
1.3945,0.82944
0.93065,0.9656
0.90532,0.91107
0.95551,0.92406
1.0364,0.95736
1.0397,0.93507
1.0687,0.85386
0.9891,0.80652
0.92156,0.79231
0.90693,0.68558
0.87043,0.55785
0.93141,0.55101
0.98433,0.60001
0.99618,0.56328
1.0667,0.56258
1.126,0.60821
1.1715,0.67076
1.2272,0.69422
1.2603,0.6538
1.495,0.72152
1.523,0.77175
1.4996,0.7015
1.4628,0.69583
1.5097,0.692
1.5108,0.72476
1.482,0.759
1.5002,0.77864
1.5711,0.85937
1.5205,0.80748
1.4981,0.76771
1.4955,0.73009
1.55,0.66139
1.5548,0.63014
1.5799,0.60353
1.584,0.6096
1.5806,0.54359
1.5603,0.4012
1.5055,0.45148
1.5729,0.24031
1.1233,0.42432
1.1261,0.57934
1.1395,0.63919
0.95156,0.68707
0.82657,0.67581
0.7338,0.65681
0.75134,0.53853
0.86385,0.50187
0.95607,0.43258
1.094,0.32781
1.2209,0.25963
1.2495,0.15846
1.4024,-0.13237
1.5017,-0.14071
1.5398,-0.21007
1.5256,-0.14867
1.5234,-0.18331
1.4612,-0.16636
1.2486,-0.24572
1.3089,-0.1656
1.3687,-0.21362
1.4015,-0.14736
1.3673,-0.044346
1.4662,0.074889
1.4813,0.41619
1.1179,1.077
1.0506,1.0815
1.0761,1.0444
1.032,1.0017
0.98177,0.96585
0.93343,0.97469
0.93197,0.94128
0.9636,0.87116
0.99488,0.84157
1.0245,0.79597
1.0112,0.76441
0.93961,0.74775
0.85784,0.70639
0.84155,0.6276
0.91688,0.56769
0.95922,0.64526
1.3079,0.65492
1.2929,0.71268
1.2325,0.6697
1.2883,0.62821
1.3646,0.64796
1.4434,0.69526
1.5265,0.721
1.56,0.72344
1.518,0.78241
1.4849,0.72953
1.4873,0.82272
1.5582,0.84918
1.5437,0.83319
1.5424,0.75224
1.5043,0.73653
1.5547,0.70823
1.5707,0.61326
1.5488,0.63058
1.5329,0.53614
1.5396,0.35118
1.3475,0.18524
1.26,0.23353
1.0732,0.4031
1.0428,0.34131
1.0831,0.48016
1.118,0.57136
0.99986,0.64802
0.89917,0.60512
0.97303,0.56357
0.99809,0.44904
0.90996,0.66371
1.0719,0.58413
1.2369,0.44183
1.3006,0.36015
1.3296,0.3206
1.2365,0.3365
